Opt. Const. of Coumarin 343 Simulated from https://omlc.org/spectra/PhotochemCAD/html/046.html vs. nm		
nm	n	k
219.75	1.35633276	0.6934106864714779
220.0	1.3563327599999997	0.6917199033838236
220.25	1.35633276	0.689365448429987
220.5	1.35633276	0.6905189733402559
220.75	1.35633276	0.6852728052551976
221.0	1.35633276	0.6872796225648434
221.25	1.35633276	0.6833449965010496
221.5	1.35633276	0.6761710196618433
221.75	1.35633276	0.6697081198221178
222.0	1.35633276	0.6711776789543782
222.25	1.35633276	0.6660263211359173
222.5	1.35633276	0.657698819386442
222.75	1.35633276	0.6521050136571932
223.0	1.35633276	0.6494977313257635
223.25	1.3563327599999997	0.6410438158874918
223.5	1.35633276	0.6333641842930992
223.75	1.35633276	0.6250840876769227
224.0	1.3563327600000001	0.6203751777692499
224.25	1.3563327600000001	0.613517235152035
224.5	1.3563327600000001	0.6065802839793223
224.75	1.3563327600000001	0.5932910449445811
225.0	1.3563327600000001	0.5852163705726992
225.25	1.3563327600000001	0.5754193096909637
225.5	1.3563327600000001	0.5635996297884828
225.75	1.3563327600000001	0.5529808799295695
226.0	1.3563327600000001	0.5408451658050971
226.25	1.3563327600000001	0.531443147700851
226.5	1.3563327600000001	0.5203977516422492
226.75	1.3563327600000001	0.5067134698300187
227.0	1.3563327600000001	0.49555746179371996
227.25	1.3563327600000001	0.4827422740919659
227.5	1.3563327600000001	0.46954784532382216
227.75	1.3563327600000001	0.4578229756879387
228.0	1.3563327600000001	0.4454502358969728
228.25	1.3563327600000001	0.4308652565520666
228.5	1.3563327600000001	0.4162802772071604
228.75	1.3563327600000001	0.40457120928237655
229.0	1.3563327600000001	0.39104494458114175
229.25	1.3563327600000001	0.37687080972482445
229.5	1.3563327600000001	0.36459288020045594
229.75	1.3563327600000001	0.35124043432131646
230.0	1.3563327600000001	0.33897830650804756
230.25	1.3563327600000001	0.32783810018284837
230.5	1.3563327600000001	0.31540215354748413
230.75	1.3563327600000001	0.30424614551118534
231.0	1.3563327600000001	0.2932165511636831
231.25	1.3563327600000001	0.28100182848371297
231.5	1.3563327600000001	0.27202645657915525
231.75	1.3563327600000001	0.26208718029752365
232.0	1.3563327600000001	0.2530644032596673
232.25	1.3563327600000001	0.2439152125330143
232.5	1.3563327600000001	0.23505045260615362
232.75	1.3563327600000001	0.22844533736653194
233.0	1.3563327600000001	0.21969118941736834
233.25	1.3563327600000001	0.21185354071197995
233.5	1.3563327600000001	0.20479017585047066
233.75	1.3563327600000001	0.19839048285514344
234.0	1.3563327600000001	0.19248064290390302
234.25	1.3563327600000001	0.1860335447752771
234.5	1.3563327600000001	0.18121402288990723
234.75	1.3563327600000001	0.1756518205828574
235.0	1.3563327600000001	0.16885708481004086
235.25	1.3563327600000001	0.16392695094697396
235.5	1.3563327600000001	0.15994491974988148
235.75	1.3563327600000001	0.15522020813110904
236.0	1.3563327600000001	0.15207566762229396
236.25	1.3563327600000001	0.1474773696923181
236.5	1.3563327600000001	0.14567597462696674
236.75	1.3563327600000001	0.1420257793629653
237.0	1.3563327600000001	0.13963972098692973
237.25	1.3563327600000001	0.1372852660330933
237.5	1.3563327600000001	0.13534165556784578
237.75	1.3563327600000001	0.13327163141380166
238.0	1.3563327600000001	0.1307591593489695
238.25	1.3563327600000001	0.12943181561660533
238.5	1.3563327600000001	0.1287365403282241
238.75	1.3563327600000001	0.1266507144630804
239.0	1.3563327600000001	0.1255287929750107
239.25	1.3563327600000001	0.12386961330955551
239.5	1.3563327600000001	0.12439106977584143
239.75	1.3563327600000001	0.12372739790965935
240.0	1.3563327600000001	0.12172058060001353
240.25	1.3563327600000001	0.12303212262127813
240.5	1.3563327600000001	0.12164157204451566
240.75	1.3563327600000001	0.12097790017833358
241.0	1.3563327600000001	0.12083568477843742
241.25	1.3563327600000001	0.11961895302377029
241.5	1.3563327600000001	0.12037743515654979
241.75	1.3563327600000001	0.12077247793403913
242.0	1.3563327600000001	0.12012460777895663
242.25	1.3563327600000001	0.12089889162283574
242.5	1.3563327600000001	0.12048804713424682
242.75	1.3563327600000001	0.12191020113320841
243.0	1.3563327600000001	0.12066186595634212
243.25	1.3563327600000001	0.12167317546671481
243.5	1.3563327600000001	0.12241585588839476
243.75	1.3563327600000001	0.12197340797760672
244.0	1.3563327600000001	0.12353777737646447
244.25	1.3563327600000001	0.12426465608704484
244.5	1.3563327600000001	0.12516535361972053
244.75	1.3563327600000001	0.1255445946861103
245.0	1.3563327600000001	0.12666651617417998
245.25	1.3563327600000001	0.12726698119596377
245.5	1.3563327600000001	0.129036772839116
245.75	1.3563327600000001	0.1283889026840335
246.0	1.3563327600000001	0.13129641752635499
246.25	1.3563327600000001	0.1309961850154631
246.5	1.3563327600000001	0.13214970992573194
246.75	1.3563327600000001	0.13279758008081446
247.0	1.3563327600000001	0.1332874331249012
247.25	1.3563327600000001	0.13369827761349012
247.5	1.3563327600000001	0.13494661279035644
247.75	1.3563327600000001	0.13603693085622698
248.0	1.3563327600000001	0.1369218266778031
248.25	1.3563327600000001	0.13896024740964807
248.5	1.3563327600000001	0.13922887649834081
248.75	1.3563327600000001	0.14063522878620283
249.0	1.3563327600000001	0.14120409038578746
249.25	1.3563327600000001	0.14262624438474908
249.5	1.3563327600000001	0.1434479333619269
249.75	1.3563327600000001	0.14475947538319148
250.0	1.3563327600000001	0.14649766360414457
250.25	1.3563327600000001	0.1482516535361972
250.5	1.3563327600000001	0.14828325695839634
250.75	1.3563327600000001	0.15024266913474343
251.0	1.3563327600000001	0.14980022122395537
251.25	1.3563327600000001	0.15147520260051017
251.5	1.3563327600000001	0.15229689157768797
251.75	1.3563327600000001	0.15324499424366236
252.0	1.3563327600000001	0.15337140793245896
252.25	1.3563327600000001	0.15594708684168943
252.5	1.3563327600000001	0.15616831079708346
252.75	1.3563327600000001	0.1578432921736382
253.0	1.3563327600000001	0.15868078286191561
253.25	1.3563327600000001	0.1596762906611887
253.5	1.3563327600000001	0.16079821214925843
253.75	1.3563327600000001	0.16225196957041918
254.0	1.3563327600000001	0.16282083117000384
254.25	1.3563327600000001	0.16481184676855007
254.5	1.3563327600000001	0.1668028623670963
254.75	1.3563327600000001	0.1665816384117023
255.0	1.3563327600000001	0.1674665342332784
255.25	1.3563327600000001	0.16737172396668096
255.5	1.3563327600000001	0.1681776112327592
255.75	1.3563327600000001	0.16956816180952164
256.0	1.3563327600000001	0.17067428158649178
256.25	1.3563327600000001	0.1713063500304747
256.5	1.3563327600000001	0.17208063387435382
256.75	1.3563327600000001	0.173850425517506
257.0	1.3563327600000001	0.17592044967155016
257.25	1.3563327600000001	0.17524097609426847
257.5	1.3563327600000001	0.17688435404862413
257.75	1.3563327600000001	0.1777850515812998
258.0	1.3563327600000001	0.1786699474028759
258.25	1.3563327600000001	0.1788595679360708
258.5	1.3563327600000001	0.18183028962279055
258.75	1.3563327600000001	0.18341046073274792
259.0	1.3563327600000001	0.18366328811034108
259.25	1.3563327600000001	0.1838845120657351
259.5	1.3563327600000001	0.18574911397548474
259.75	1.3563327600000001	0.18658660466376217
260.0	1.3563327600000001	0.18627057044177067
260.25	1.3563327600000001	0.18766112101853316
260.5	1.3563327600000001	0.18723447481884464
260.75	1.3563327600000001	0.18974694688367683
261.0	1.3563327600000001	0.18902006817309647
261.25	1.3563327600000001	0.19052123072755592
261.5	1.3563327600000001	0.19221201381521028
261.75	1.3563327600000001	0.1918169710377209
262.0	1.3563327600000001	0.19268606514819747
262.25	1.3563327600000001	0.1930337027923881
262.5	1.3563327600000001	0.194740287591142
262.75	1.3563327600000001	0.19466127903564415
263.0	1.3563327600000001	0.19619404501230275
263.25	1.3563327600000001	0.19434524481365265
263.5	1.3563327600000001	0.19592541592361
263.75	1.3563327600000001	0.197110544256078
264.0	1.3563327600000001	0.19521433892412918
264.25	1.3563327600000001	0.19755299216686606
264.5	1.3563327600000001	0.19701573398948055
264.75	1.3563327600000001	0.19780581954445922
265.0	1.3563327600000001	0.1976952075667622
265.25	1.3563327600000001	0.19834307772184473
265.5	1.3563327600000001	0.19783742296665838
265.75	1.3563327600000001	0.19815345718864982
266.0	1.3563327600000001	0.19758459558906522
266.25	1.3563327600000001	0.19804284521095283
266.5	1.3563327600000001	0.19916476669902253
266.75	1.3563327600000001	0.19816925889974943
267.0	1.3563327600000001	0.19826406916634684
267.25	1.3563327600000001	0.19731596650037245
267.5	1.3563327600000001	0.19619404501230275
267.75	1.3563327600000001	0.1973949750558703
268.0	1.3563327600000001	0.1967629066118874
268.25	1.3563327600000001	0.19649427752319462
268.5	1.3563327600000001	0.1956883902571164
268.75	1.3563327600000001	0.1971737511004763
269.0	1.3563327600000001	0.1965890877897921
269.25	1.3563327600000001	0.19442425336915053
269.5	1.3563327600000001	0.19447165850244924
269.75	1.3563327600000001	0.19363416781417186
270.0	1.3563327600000001	0.19210140183751326
270.25	1.3563327600000001	0.19200659157091582
270.5	1.3563327600000001	0.19037901532765975
270.75	1.3563327600000001	0.19075825639404953
271.0	1.3563327600000001	0.18984175715027424
271.25	1.3563327600000001	0.1885776202623084
271.5	1.3563327600000001	0.18737669021874082
271.75	1.3563327600000001	0.1857807173976839
272.0	1.3563327600000001	0.18513284724260143
272.25	1.3563327600000001	0.18396352062123297
272.5	1.3563327600000001	0.18350527099934535
272.75	1.3563327600000001	0.18243075464457437
273.0	1.3563327600000001	0.18034492877943065
273.25	1.3563327600000001	0.18083478182351748
273.5	1.3563327600000001	0.17914399873586312
273.75	1.3563327600000001	0.17723199169281473
274.0	1.3563327600000001	0.17592044967155016
274.25	1.3563327600000001	0.17503555384997402
274.5	1.3563327600000001	0.17313934851802523
274.75	1.3563327600000001	0.17247567665184316
275.0	1.3563327600000001	0.1702002302535046
275.25	1.3563327600000001	0.16879387796564255
275.5	1.3563327600000001	0.1671663017223865
275.75	1.3563327600000001	0.16501726901284453
276.0	1.3563327600000001	0.16400595950247182
276.25	1.3563327600000001	0.16207815074832388
276.5	1.3563327600000001	0.160703401882661
276.75	1.3563327600000001	0.15959728210569088
277.0	1.3563327600000001	0.15778008532923993
277.25	1.3563327600000001	0.15724282715185445
277.5	1.3563327600000001	0.1560260953971873
277.75	1.3563327600000001	0.15386126097654573
278.0	1.3563327600000001	0.15264452922187857
278.25	1.3563327600000001	0.15217047788889138
278.5	1.3563327600000001	0.15084313415652723
278.75	1.3563327600000001	0.14905754080227543
279.0	1.3563327600000001	0.1479514210253053
279.25	1.3563327600000001	0.14874150658028396
279.5	1.3563327600000001	0.14615002595995394
279.75	1.3563327600000001	0.14488588907198807
280.0	1.3563327600000001	0.1443486308946026
280.25	1.3563327600000001	0.14294227860674055
280.5	1.3563327600000001	0.14253143411815164
280.75	1.3563327600000001	0.14232601187385718
281.0	1.3563327600000001	0.13967132440912886
281.25	1.3563327600000001	0.13921307478724124
281.5	1.3563327600000001	0.14014537574211605
281.75	1.3563327600000001	0.1391814713650421
282.0	1.3563327600000001	0.138296575543466
282.25	1.3563327600000001	0.13557868123433936
282.5	1.3563327600000001	0.13527844872344746
282.75	1.3563327600000001	0.13390369985778458
283.0	1.3563327600000001	0.13406171696878033
283.25	1.3563327600000001	0.13238673559222555
283.5	1.3563327600000001	0.13161245174834646
283.75	1.3563327600000001	0.1310593918598614
284.0	1.3563327600000001	0.13049053026027674
284.25	1.3563327600000001	0.12982685839409466
284.5	1.3563327600000001	0.129147384816813
284.75	1.3563327600000001	0.12862592835052708
285.0	1.3563327600000001	0.12840470439513307
285.25	1.3563327600000001	0.12704575724056974
285.5	1.3563327600000001	0.12593963746359962
285.75	1.3563327600000001	0.1261766631300932
286.0	1.3563327600000001	0.12505474164202351
286.25	1.3563327600000001	0.12437526806474186
286.5	1.3563327600000001	0.12410663897604912
286.75	1.3563327600000001	0.12271608839928665
287.0	1.3563327600000001	0.12306372604347726
287.25	1.3563327600000001	0.12105690873383146
287.5	1.3563327600000001	0.12099370188943316
287.75	1.3563327600000001	0.11996659066796089
288.0	1.3563327600000001	0.11996659066796089
288.25	1.3563327600000001	0.11953994446827242
288.5	1.3563327600000001	0.1191290999796835
288.75	1.3563327600000001	0.11750152373642746
289.0	1.3563327600000001	0.11743831689202916
289.25	1.3563327600000001	0.11748572202532788
289.5	1.3563327600000001	0.11682205015914579
289.75	1.3563327600000001	0.11604776631526671
290.0	1.3563327600000001	0.11571593038217565
290.25	1.3563327600000001	0.11588974920427098
290.5	1.3563327600000001	0.11547890471568206
290.75	1.3563327600000001	0.11429377638321406
291.0	1.3563327600000001	0.11538409444908461
291.25	1.3563327600000001	0.11282421725095375
291.5	1.3563327600000001	0.112666200139958
291.75	1.3563327600000001	0.11258719158446014
292.0	1.3563327600000001	0.11103862389670195
292.25	1.3563327600000001	0.11148107180749
292.5	1.3563327600000001	0.11056457256371474
292.75	1.3563327600000001	0.11050136571931646
293.0	1.3563327600000001	0.11167069234068489
293.25	1.3563327600000001	0.11032754689722116
293.5	1.3563327600000001	0.10884218605386126
293.75	1.3563327600000001	0.10847874669857108
294.0	1.3563327600000001	0.1091740219869523
294.25	1.3563327600000001	0.10830492787647576
294.5	1.3563327600000001	0.1086367638095668
294.75	1.3563327600000001	0.10819431589877875
295.0	1.3563327600000001	0.10786247996568771
295.25	1.3563327600000001	0.1085261518318698
295.5	1.3563327600000001	0.10648773110002482
295.75	1.3563327600000001	0.10606108490033633
296.0	1.3563327600000001	0.10555543014515
296.25	1.3563327600000001	0.10523939592315854
296.5	1.3563327600000001	0.10467053432357389
296.75	1.3563327600000001	0.10307456150251698
297.0	1.3563327600000001	0.10215806225874173
297.25	1.3563327600000001	0.102000045147746
297.5	1.3563327600000001	0.10035666719339036
297.75	1.3563327600000001	0.10018284837129506
298.0	1.3563327600000001	0.09749655748436759
298.25	1.3563327600000001	0.09681708390708593
298.5	1.3563327600000001	0.09474705975304182
298.75	1.3563327600000001	0.09462064606424524
299.0	1.3563327600000001	0.09190275175511861
299.25	1.3563327600000001	0.09106526106684124
299.5	1.3563327600000001	0.0904331926228583
299.75	1.3563327600000001	0.08706742815864918
300.0	1.3563327600000001	0.08531343822659652
300.25	1.3563327600000001	0.0842073184496264
300.5	1.3563327600000001	0.08267455247296779
300.75	1.3563327600000001	0.08068353687442154
301.0	1.3563327600000001	0.07761800492110431
301.25	1.3563327600000001	0.07592722183344996
301.5	1.3563327600000001	0.07426804216799475
301.75	1.3563327600000001	0.0719293889252579
302.0	1.3563327600000001	0.07020700241540441
302.25	1.3563327600000001	0.06818438339465901
302.5	1.3563327600000001	0.06513465315244135
302.75	1.3563327600000001	0.06516625657464051
303.0	1.3563327600000001	0.06205331948802456
303.25	1.3563327600000001	0.06072597575566039
303.5	1.3563327600000001	0.06001489875617959
303.75	1.3563327600000001	0.057676245513442734
304.0	1.3563327600000001	0.05683875482516535
304.25	1.3563327600000001	0.05356780062755366
304.5	1.3563327600000001	0.052856723628072866
304.75	1.3563327600000001	0.05307794758346689
305.0	1.3563327600000001	0.0516557935845053
305.25	1.3563327600000001	0.05001241563014966
305.5	1.3563327600000001	0.04881148558658208
305.75	1.3563327600000001	0.048732477031084215
306.0	1.3563327600000001	0.047831779498408535
306.25	1.3563327600000001	0.04622000496625205
306.5	1.3563327600000001	0.045730151922165285
306.75	1.3563327600000001	0.04359692092372288
307.0	1.3563327600000001	0.04452922187859771
307.25	1.3563327600000001	0.044671437278493875
307.5	1.3563327600000001	0.043233481568432694
307.75	1.3563327600000001	0.042095758369263415
308.0	1.3563327600000001	0.04223797376915957
308.25	1.3563327600000001	0.04231698232465744
308.5	1.3563327600000001	0.04102124201449243
308.75	1.3563327600000001	0.0412740693920856
309.0	1.3563327600000001	0.04095803517009413
309.25	1.3563327600000001	0.04146368992528048
309.5	1.3563327600000001	0.0408000180590984
309.75	1.3563327600000001	0.042949050768640376
310.0	1.3563327600000001	0.0424591977245536
310.25	1.3563327600000001	0.03910923497144405
310.5	1.3563327600000001	0.0424591977245536
310.75	1.3563327600000001	0.0419851463915664
311.0	1.3563327600000001	0.041384681369782614
311.25	1.3563327600000001	0.03760807241698458
311.5	1.3563327600000001	0.04023115645951376
311.75	1.3563327600000001	0.035885685907131086
312.0	1.3563327600000001	0.04291744734644123
312.25	1.3563327600000001	0.03921984694914106
312.5	1.3563327600000001	0.03746585701708842
312.75	1.3563327600000001	0.03950427774893338
313.0	1.3563327600000001	0.04288584392424208
313.25	1.3563327600000001	0.039014424704846604
313.5	1.3563327600000001	0.0400257342152193
313.75	1.3563327600000001	0.03800311519447391
314.0	1.3563327600000001	0.03476376441906137
314.25	1.3563327600000001	0.03560125510733877
314.5	1.3563327600000001	0.042111560080362986
314.75	1.3563327600000001	0.03727623648389354
315.0	1.3563327600000001	0.03771868439468159
315.25	1.3563327600000001	0.03801891690557349
315.5	1.3563327600000001	0.03825594257206708
315.75	1.3563327600000001	0.039567484593331675
316.0	1.3563327600000001	0.03648615092891487
316.25	1.3563327600000001	0.03817693401656922
316.5	1.3563327600000001	0.035016591796654555
316.75	1.3563327600000001	0.037007607395200794
317.0	1.3563327600000001	0.03206167182103434
317.25	1.3563327600000001	0.03669157317320933
317.5	1.3563327600000001	0.0354590397074426
317.75	1.3563327600000001	0.03738684846159055
318.0	1.3563327600000001	0.03613851328472426
318.25	1.3563327600000001	0.035917289329330235
318.5	1.3563327600000001	0.031682430754644574
318.75	1.3563327600000001	0.03541163457414388
319.0	1.3563327600000001	0.033531230953294654
319.25	1.3563327600000001	0.034194902819476736
319.5	1.3563327600000001	0.03247251630962324
319.75	1.3563327600000001	0.032440912887424095
320.0	1.3563327600000001	0.03547484141854217
320.25	1.3563327600000001	0.035079798641052845
320.5	1.3563327600000001	0.032488318020722814
320.75	1.3563327600000001	0.033641842930991664
321.0	1.3563327600000001	0.03950427774893338
321.25	1.3563327600000001	0.034384523352671614
321.5	1.3563327600000001	0.03206167182103434
321.75	1.3563327600000001	0.03210907695433306
322.0	1.3563327600000001	0.03387886859748527
322.25	1.3563327600000001	0.03705501252849951
322.5	1.3563327600000001	0.03485857468565882
322.75	1.3563327600000001	0.03185624957673988
323.0	1.3563327600000001	0.035127203774351565
323.25	1.3563327600000001	0.029960044244791074
323.5	1.3563327600000001	0.03293076593151087
323.75	1.3563327600000001	0.03496918666335583
324.0	1.3563327600000001	0.031050362310661637
324.25	1.3563327600000001	0.033483825819995934
324.5	1.3563327600000001	0.031571818776947556
324.75	1.3563327600000001	0.03191945642113817
325.0	1.3563327600000001	0.033594437797692944
325.25	1.3563327600000001	0.03223549064312964
325.5	1.3563327600000001	0.03174563759904287
325.75	1.3563327600000001	0.032393507754125375
326.0	1.3563327600000001	0.030133863066886386
326.25	1.3563327600000001	0.03365764464209124
326.5	1.3563327600000001	0.032361904331926226
326.75	1.3563327600000001	0.030465698999977423
327.0	1.3563327600000001	0.029723018578297476
327.25	1.3563327600000001	0.03326260186460191
327.5	1.3563327600000001	0.031477008510350124
327.75	1.3563327600000001	0.03203006839883518
328.0	1.3563327600000001	0.03302557619810831
328.25	1.3563327600000001	0.028063838912842275
328.5	1.3563327600000001	0.03149281022144969
328.75	1.3563327600000001	0.028996139867717104
329.0	1.3563327600000001	0.02931217408970857
329.25	1.3563327600000001	0.030291880177882115
329.5	1.3563327600000001	0.02894873473441838
329.75	1.35633276	0.03180884444344116
330.0	1.3563327600000001	0.02793742522404569
330.25	1.3563327600000001	0.029565001467301743
330.5	1.3563327600000001	0.03022867333348382
330.75	1.35633276	0.02770039955755209
331.0	1.3563327600000001	0.02743177046885934
331.25	1.35633276	0.030086457933587666
331.5	1.3563327600000001	0.028111244046140994
331.75	1.3563327600000001	0.02975462200049662
332.0	1.3563327600000001	0.030086457933587666
332.25	1.3563327600000001	0.027779408113049953
332.5	1.3563327600000001	0.028838122756721367
332.75	1.35633276	0.029059346712115398
333.0	1.3563327600000001	0.030465698999977423
333.25	1.35633276	0.028585295379128194
333.5	1.3563327600000001	0.02869590735682521
333.75	1.3563327600000001	0.02673649518047811
334.0	1.3563327600000001	0.02789002009074697
334.25	1.3563327600000001	0.030860741777466755
334.5	1.35633276	0.029802027133795345
334.75	1.3563327600000001	0.027921623512946116
335.0	1.3563327600000001	0.03062371611097316
335.25	1.35585978	0.02752658073545678
335.5	1.3553868600000003	0.030465698999977423
335.75	1.3549139400000003	0.031224181132756944
336.0	1.3544410199999999	0.0311293708661595
336.25	1.3540275000000002	0.02926476895640985
336.5	1.35361398	0.031097767443960356
336.75	1.35320046	0.029217363823111128
337.0	1.3527869400000005	0.028079640623941846
337.25	1.3522768800000002	0.03217228379873135
337.5	1.3517668200000001	0.0335628343754938
337.75	1.35125676	0.031508611932549266
338.0	1.3507467000000002	0.03315198988690489
338.25	1.3500679800000004	0.031524413643648844
338.5	1.3493892600000004	0.030434095577778278
338.75	1.3487104800000003	0.03255152486512111
339.0	1.34803176	0.03391047201968441
339.25	1.3471666800000004	0.03422650624167588
339.5	1.34630154	0.03613851328472426
339.75	1.3454364600000002	0.03613851328472426
340.0	1.3445713799999999	0.036233323551321694
340.25	1.3435486200000004	0.0352852208853473
340.5	1.3425258600000003	0.035427436285243454
340.75	1.3415031	0.03560125510733877
341.0	1.3404804000000001	0.03645454750671573
341.25	1.3393569	0.03721302963949525
341.5	1.3382334	0.03738684846159055
341.75	1.3371099000000002	0.0395516828822321
342.0	1.3359864000000001	0.042332784035757014
342.25	1.3348068600000003	0.04083162148129754
342.5	1.3336273200000004	0.038729993905054286
342.75	1.3324477199999998	0.0408000180590984
343.0	1.3312681800000001	0.04185873270276981
343.25	1.3300839000000002	0.04184293099167024
343.5	1.32889968	0.043059662746337386
343.75	1.3277154000000002	0.04201674981376554
344.0	1.3265311800000004	0.04238018916905573
344.25	1.32542874	0.04561953994446827
344.5	1.3243262400000004	0.04441860990090069
344.75	1.3232238	0.04471884241179259
345.0	1.32212136	0.047420935009819636
345.25	1.32118974	0.04644122892164609
345.5	1.32025812	0.04772116752071153
345.75	1.3193265000000003	0.04862186505338721
346.0	1.3183948800000003	0.0482110205647983
346.25	1.31764686	0.04846384794239147
346.5	1.3168988400000001	0.050518070385336004
346.75	1.3161508200000005	0.05047066525203729
347.0	1.3154028	0.05154518160680828
347.25	1.3147923	0.05306214587236732
347.5	1.31418186	0.053109551005666035
347.75	1.31357136	0.05269870651707713
348.0	1.31296092	0.054010248538341715
348.25	1.3123527	0.05530598884850674
348.5	1.3117445400000005	0.0553849974040046
348.75	1.3111363799999998	0.055811643603693076
349.0	1.3105281600000003	0.057518228402447004
349.25	1.3097489400000002	0.05770784893564188
349.5	1.3089697200000001	0.05976207137858642
349.75	1.3081905000000003	0.05961985597869026
350.0	1.30741122	0.06069437233346125
350.25	1.3064088600000003	0.0635070769091853
350.5	1.3054064400000003	0.06151606131063907
350.75	1.3044040800000003	0.06229034515451816
351.0	1.30340166	0.06502404117474435
351.25	1.3022041800000002	0.06402853337547124
351.5	1.3010067	0.06530847197453667
351.75	1.29980922	0.06782094403936882
352.0	1.2986117400000001	0.06862683130544707
352.25	1.2973420199999999	0.06703085848439017
352.5	1.2960723	0.06880065012754237
352.75	1.2948025800000003	0.07000158017110995
353.0	1.29353286	0.07227702656944852
353.25	1.2923927400000004	0.07434705072349262
353.5	1.29125262	0.0744260592789905
353.75	1.2901125	0.07518454141177001
354.0	1.28897238	0.07441025756789092
354.25	1.2880494600000003	0.07490011061197768
354.5	1.28712654	0.07666990225512992
354.75	1.28620356	0.07945100340865482
355.0	1.28528064	0.07990925303054244
355.25	1.2845806800000001	0.08036750265243008
355.5	1.28388078	0.08235851825097631
355.75	1.2831808199999999	0.08477618004921103
356.0	1.28248086	0.08251653536197205
356.25	1.2819423600000004	0.0854556536264927
356.5	1.2814039200000003	0.08608772207047563
356.75	1.2808654200000003	0.08926386600148987
357.0	1.2803269199999998	0.08874240953520394
357.25	1.2798000600000001	0.09116007133343866
357.5	1.2792731400000001	0.09199756202171606
357.75	1.27874628	0.0942888101311542
358.0	1.2782193600000002	0.09567936070791665
358.25	1.2776046	0.09484187001963927
358.5	1.27698984	0.09658005824059233
358.75	1.2763750800000002	0.10011964152689676
359.0	1.27576032	0.09760716946206459
359.25	1.27501506	0.09920314228312152
359.5	1.2742698	0.10231607936973745
359.75	1.2735245400000004	0.10448091379037901
360.0	1.2727792800000002	0.10427549154608455
360.25	1.2718896000000002	0.10696178243301202
360.5	1.2709999200000002	0.10914241856475315
360.75	1.27011024	0.10900020316485699
361.0	1.2692206200000002	0.11165489062958531
361.25	1.2681958800000004	0.11284001896205333
361.5	1.2671711400000003	0.11091221020790536
361.75	1.2661464600000003	0.11320345831734349
362.0	1.2651217200000002	0.11464141402740466
362.25	1.2639862800000001	0.11735930833653128
362.5	1.2628507800000004	0.11669563647034921
362.75	1.26171534	0.11886047089099076
363.0	1.2605799	0.12104110702273188
363.25	1.25936514	0.12058285740084425
363.5	1.2581504400000003	0.1241224406871487
363.75	1.2569357400000003	0.1242330526648457
364.0	1.25572098	0.12715636921826678
364.25	1.2544743600000001	0.1286733334838258
364.5	1.2532276800000002	0.12940021219440617
364.75	1.2519810600000003	0.13102778843766225
365.0	1.2507343800000004	0.13368247590239055
365.25	1.2495352800000004	0.13331903654710037
365.5	1.2483361800000004	0.1336192690579923
365.75	1.2471370800000001	0.13464638027946454
366.0	1.2459380400000002	0.1379331361881758
366.25	1.24490862	0.14057202194180454
366.5	1.2438792000000003	0.14205738278516444
366.75	1.2428498399999999	0.14376396758391835
367.0	1.24182042	0.14496489762748593
367.25	1.241022	0.14589719858236078
367.5	1.24022358	0.14912074764667374
367.75	1.2394250999999998	0.1504322896679383
368.0	1.23862668	0.15125397864511614
368.25	1.2380686200000004	0.15412989006523847
368.5	1.23751056	0.15504638930901374
368.75	1.2369525600000002	0.1564843450190749
369.0	1.2363945000000003	0.1588704033951105
369.25	1.2360470400000003	0.15964468723898959
369.5	1.2356995800000001	0.16084561728255717
369.75	1.23535206	0.16471703650195263
370.0	1.2350046	0.16501726901284453
370.25	1.2347766000000002	0.16756134449987584
370.5	1.23454854	0.16901510192103658
370.75	1.2343205400000004	0.17015282512020588
371.0	1.2340925400000002	0.17178040136346193
371.25	1.2338742000000003	0.17418226145059706
371.5	1.2336558600000003	0.1761890787602429
371.75	1.23343752	0.17808528409219168
372.0	1.2332191800000003	0.17922300729136095
372.25	1.23296088	0.1819883067337863
372.5	1.2327025800000002	0.18397932233233252
372.75	1.2324442800000002	0.1857175105532856
373.0	1.23218592	0.1859703379308788
373.25	1.23186918	0.18846700828461138
373.5	1.23155244	0.1908214632384478
373.75	1.2312356999999998	0.19350775412537527
374.0	1.2309189600000001	0.19573579539041513
374.25	1.23054672	0.19557777827941938
374.5	1.2301744799999998	0.1976478024334635
374.75	1.2298023000000002	0.20000225738729993
375.0	1.2294300600000003	0.19810605205535112
375.25	1.2290314800000002	0.2016140319194564
375.5	1.2286329	0.20166143705275516
375.75	1.22823432	0.20477437413937108
376.0	1.2278357400000002	0.20625973498273098
376.25	1.2274420799999999	0.21231179033386757
376.5	1.2270484200000003	0.2139077631549245
376.75	1.2266546999999999	0.2165624506196528
377.0	1.22626104	0.21694169168604255
377.25	1.2258924600000003	0.22071830063884057
377.5	1.22552382	0.22210885121560303
377.75	1.22515524	0.22634370979028873
378.0	1.2247865999999998	0.2249215557913271
378.25	1.2244594800000002	0.229962301632091
378.5	1.2241323000000004	0.22936183661030723
378.75	1.2238051200000002	0.23339127294069842
379.0	1.2234780000000003	0.23329646267410098
379.25	1.2232092	0.23770514007088192
379.5	1.22294046	0.23955394026953203
379.75	1.2226717200000001	0.2415133524458791
380.0	1.22240298	0.24424704846610532
380.25	1.22221542	0.24955642339556194
380.5	1.22202786	0.25052032777263594
380.75	1.2218403599999998	0.24939840628456622
381.0	1.2216528	0.25439174699203143
381.25	1.22156454	0.25538725479130453
381.5	1.22147634	0.25761529605634437
381.75	1.2213881400000002	0.2614551118535407
382.0	1.2212998800000001	0.26248222307501295
382.25	1.2213231600000003	0.26538973791733445
382.5	1.22134638	0.267222736404885
382.75	1.2213696000000003	0.2719158446014583
383.0	1.2213928800000002	0.27245310277884377
383.25	1.2215376000000002	0.27525000564346824
383.5	1.2216823200000002	0.2788369940630714
383.75	1.22182704	0.28218695681618094
384.0	1.2219718200000003	0.282629404726969
384.25	1.2222459599999997	0.2843359895257229
384.5	1.2225201	0.28844443441161194
384.75	1.2227943	0.28866565836700603
385.0	1.2230684399999998	0.2937222059188695
385.25	1.22348082	0.2937222059188695
385.5	1.2238932599999999	0.2998216664033048
385.75	1.2243057000000004	0.3008645793358766
386.0	1.2247180800000002	0.30410393011128917
386.25	1.2252744	0.3063003679541299
386.5	1.2258306600000002	0.3084177972414727
386.75	1.2263869800000002	0.31203638908327497
387.0	1.22694324	0.3126842592383575
387.25	1.2276455400000001	0.3172509537461342
387.5	1.22834778	0.31857829747849836
387.75	1.22905008	0.32112237296552965
388.0	1.2297523200000002	0.3239350775412537
388.25	1.23059838	0.3254204383846136
388.5	1.23144438	0.3282015395381386
388.75	1.2322903800000002	0.33035057224768055
389.0	1.2331363800000001	0.33505948215535336
389.25	1.23412164	0.3365764464209124
389.5	1.23510696	0.33978419377412583
389.75	1.2360922800000003	0.3442876814375042
390.0	1.23707754	0.34314995823833494
390.25	1.2381898800000002	0.34575724056976453
390.5	1.23930222	0.34989728887785276
390.75	1.24041456	0.35094020181042457
391.0	1.2415269000000004	0.3550486466963137
391.25	1.2427548600000002	0.3569290503171629
391.5	1.2439828800000001	0.3577507392943407
391.75	1.2452108400000004	0.36271247657960676
392.0	1.2464388599999998	0.3652881554888372
392.25	1.2477778199999998	0.3664890855324048
392.5	1.2491168400000001	0.37073974581818997
392.75	1.2504558000000001	0.37301519221652857
393.0	1.2517948200000002	0.3751800266371701
393.25	1.25324352	0.3797151177227477
393.5	1.25469222	0.37914625612316305
393.75	1.2561409799999999	0.3813268922549041
394.0	1.2575896800000002	0.38769498182803225
394.25	1.2591495599999998	0.38696810311745183
394.5	1.2607095000000004	0.39181922842502087
394.75	1.2622693800000002	0.39362062349037225
395.0	1.26382926	0.39674936228808777
395.25	1.2655037400000002	0.39883518815323143
395.5	1.2671782200000001	0.4030700467279171
395.75	1.2688527600000001	0.4036231066164021
396.0	1.2705272400000003	0.4078105600577891
396.25	1.2723222000000003	0.4093275243233481
396.5	1.2741171600000003	0.4137836068534278
396.75	1.27591212	0.41330955552044063
397.0	1.2777070799999999	0.41868213729429554
397.25	1.2796296600000003	0.4201358947154563
397.5	1.2815522400000001	0.4221901171584009
397.75	1.28347482	0.42659879455518185
398.0	1.2853974000000001	0.42969592993069816
398.25	1.2874558200000001	0.43184496264024014
398.5	1.2895142400000004	0.432777263595115
398.75	1.2915727200000002	0.43584279554843225
399.0	1.29363114	0.4383078624799656
399.25	1.2958371	0.4393507754125375
399.5	1.29804312	0.443554030565024
399.75	1.3002490800000002	0.4453870290525745
400.0	1.3024551000000002	0.44669857107383915
400.25	1.3048285800000001	0.4501907492268448
400.5	1.30720212	0.45292444524707104
400.75	1.3095756	0.45640082168897717
401.0	1.3119491400000003	0.45780717397683923
401.25	1.3145246999999998	0.4591819228425021
401.5	1.31710026	0.4625318855956116
401.75	1.31967582	0.4662136842818122
402.0	1.32225138	0.4660556671708165
402.25	1.32505014	0.47095419761168417
402.5	1.3278489600000005	0.47313483374342535
402.75	1.3306477799999998	0.474146143253798
403.0	1.3334465400000002	0.47613715885234426
403.25	1.3364712600000002	0.4812253098264069
403.5	1.3394959800000004	0.48365877333574114
403.75	1.3425207000000001	0.48452786744621773
404.0	1.34554536	0.4887627260209034
404.25	1.3487838	0.49519402243842975
404.5	1.3520222400000002	0.49476737623874123
404.75	1.35526068	0.496552969592993
405.0	1.35849912	0.49704282263707983
405.25	1.36192662	0.49892322625792906
405.5	1.3653541800000002	0.5033951104991083
405.75	1.3687817400000002	0.5054493329420529
406.0	1.3722092399999999	0.5080250118512833
406.25	1.3757797200000002	0.5116752071152847
406.5	1.3793501400000001	0.5127497234700558
406.75	1.3829206200000002	0.5184541411770017
407.0	1.3864910400000001	0.5197656831982663
407.25	1.3901343599999998	0.5212036389083274
407.5	1.3937776800000001	0.5225625860628909
407.75	1.39742094	0.5264024018600871
408.0	1.4010642600000005	0.5282828054809363
408.25	1.4047422	0.5310797083455608
408.5	1.4084201399999998	0.5326914828777173
408.75	1.4120980799999998	0.5360414456308269
409.0	1.41577608	0.5380640646515722
409.25	1.41947202	0.540181493938915
409.5	1.4231680200000003	0.544368947380302
409.75	1.4268640200000002	0.5450642226686832
410.0	1.4305599600000003	0.5476399015779136
410.25	1.4342704800000001	0.5503577958870403
410.5	1.4379810600000003	0.5544504390618298
410.75	1.4416915799999999	0.5573105487708526
411.0	1.4454021000000001	0.5545610510395268
411.25	1.4491374600000002	0.5608185286349578
411.5	1.45287282	0.5625725185670105
411.75	1.4566081800000001	0.5640894828325695
412.0	1.4603434800000001	0.568071514029662
412.25	1.4641321200000004	0.5694304611842254
412.5	1.4679207000000003	0.5726066051152395
412.75	1.4717093400000003	0.574961060069076
413.0	1.47549792	0.5785322467775795
413.25	1.4793814200000002	0.579369737465857
413.5	1.48326486	0.5810289171313122
413.75	1.48714836	0.584220862773426
414.0	1.49103186	0.5858326373055824
414.25	1.4950327800000003	0.5870493690602496
414.5	1.4990337000000002	0.5891509966364928
414.75	1.5030346200000002	0.5901307027246664
415.0	1.5070355400000002	0.5899410821914716
415.25	1.51116684	0.5926431747894986
415.5	1.51529808	0.5951240434321317
415.75	1.51942938	0.5956771033206166
416.0	1.5235606800000006	0.5993431002957177
416.25	1.5278314800000001	0.6027562698932255
416.5	1.5321023400000002	0.6034515451816067
416.75	1.53637314	0.6029300887153208
417.0	1.5406440000000003	0.6083026704891759
417.25	1.54505946	0.6072281541344048
417.5	1.5494748600000001	0.609961850154631
417.75	1.5538903199999998	0.6109889613761033
418.0	1.5583057799999998	0.6106413237319126
418.25	1.5628653000000001	0.6168829996162442
418.5	1.56742488	0.6177994988600194
418.75	1.5719844000000003	0.6188740152147904
419.0	1.5765439799999998	0.6210546513465315
419.25	1.58124342	0.6211020564798302
419.5	1.58594292	0.6230772703672769
419.75	1.5906424200000002	0.6245626312106368
420.0	1.5953418600000002	0.6233142960337704
420.25	1.60019022	0.6271541118309668
420.5	1.6050385799999995	0.6292083342739113
420.75	1.6098869399999995	0.6302828506286823
421.0	1.6147353	0.6305040745840763
421.25	1.6197479399999999	0.6349917605363552
421.5	1.62476058	0.6330797534933068
421.75	1.62977316	0.6374884308900878
422.0	1.6347858	0.6368721641572044
422.25	1.6399891800000002	0.6401431183548161
422.5	1.6451925600000001	0.638626154089257
422.75	1.6503959400000001	0.6416916860425743
423.0	1.6555993199999999	0.6396532653107293
423.25	1.6610346599999999	0.6427345989751462
423.5	1.6664700000000001	0.6450574505067834
423.75	1.67190534	0.6450258470845842
424.0	1.6773406800000004	0.6470326643942301
424.25	1.68308496	0.6469694575498318
424.5	1.6888293000000003	0.6490236799927763
424.75	1.6945736400000002	0.6516467640353054
425.0	1.7003179800000001	0.6496083433034606
425.25	1.70649096	0.6507618682137294
425.5	1.71266394	0.6514729452132102
425.75	1.7188369200000002	0.6509672904580238
426.0	1.7250099000000003	0.65110950585792
426.25	1.7316569999999998	0.6548703130996185
426.5	1.7383041	0.6542066412334363
426.75	1.7449512600000001	0.6548229079663198
427.0	1.75159836	0.655518183254701
427.25	1.7587077600000003	0.6571457594979571
427.5	1.76581722	0.6592473870742003
427.75	1.7729266200000002	0.6577304228086412
428.0	1.78003608	0.6583624912526241
428.25	1.7875585800000002	0.6607327479175602
428.5	1.7950811400000002	0.6607643513397593
428.75	1.8026036400000003	0.6621707036276213
429.0	1.8101261400000004	0.6646041671369556
429.25	1.8179728200000003	0.6620442899388247
429.5	1.8258194999999997	0.6634032370933881
429.75	1.8336661800000003	0.6661685365358134
430.0	1.84151286	0.6662791485135104
430.25	1.8495431999999998	0.6670060272240907
430.5	1.8575736000000003	0.6671324409128874
430.75	1.8656039400000002	0.6695026975778234
431.0	1.8736342800000005	0.6698977403553127
431.25	1.88160996	0.6705772139325944
431.5	1.88958564	0.6682227589787579
431.75	1.8975613199999999	0.6712882909320752
432.0	1.9055370000000003	0.6710512652655816
432.25	1.9132488000000003	0.6711460755321791
432.5	1.9209606	0.6729000654642316
432.75	1.92867246	0.6739429783968035
433.0	1.93638426	0.6748436759294791
433.25	1.9437081000000003	0.6770875189056186
433.5	1.95103188	0.6777827941939998
433.75	1.9583557200000001	0.678367457504684
434.0	1.9656795599999999	0.6780198198604934
434.25	1.9725300000000001	0.6806113004808235
434.5	1.97938044	0.6789679225264679
434.75	1.98623088	0.6795999909704508
435.0	1.9930812600000003	0.6793155601706584
435.25	1.9993998000000004	0.6795683875482517
435.5	2.00571828	0.6819860493464863
435.75	2.01203676	0.6820808596130837
436.0	2.0183553	0.6825233075238718
436.25	2.02410456	0.68332919478995
436.5	2.0298538200000005	0.6859838822546783
436.75	2.0356030800000005	0.6871532088760468
437.0	2.0413523400000004	0.6882435269419174
437.25	2.04652344	0.6874218379647397
437.5	2.05169454	0.6904873699180568
437.75	2.0568657	0.688369940630714
438.0	2.0620368	0.6909140161177453
438.25	2.0666514000000005	0.6902503442515632
438.5	2.07126594	0.6921939547168107
438.75	2.07588054	0.6911352400731393
439.0	2.08049514	0.693221065938283
439.25	2.0845468800000004	0.6918463170726201
439.5	2.0885986200000004	0.6919885324725162
439.75	2.0926503600000004	0.6952436849590284
440.0	2.0967021000000003	0.6935529018713741
440.25	2.1001636200000005	0.6945800130928462
440.5	2.10362514	0.6967922526467866
440.75	2.10708666	0.6972663039797737
441.0	2.11054818	0.6981353980902503
441.25	2.11337598	0.6976929501794623
441.5	2.11620384	0.6948960473148378
441.75	2.1190316399999998	0.6970292783132802
442.0	2.1218595000000002	0.6974401228018691
442.25	2.12399328	0.6993995349782162
442.5	2.126127	0.6976613467572631
442.75	2.12826078	0.6978667690015575
443.0	2.1303945000000004	0.6997155692002076
443.25	2.13174654	0.698704259689835
443.5	2.1330985800000004	0.6993679315560171
443.75	2.13445068	0.6975823382017653
444.0	2.13580272	0.6986252511343372
444.25	2.1362146200000005	0.6950856678480327
444.5	2.1366265799999997	0.6984198288900426
444.75	2.13703854	0.7
445.0	2.1374505	0.6962707961805006
445.25	2.13671754	0.6961285807806045
445.5	2.1359845200000005	0.6948644438926386
445.75	2.1352515	0.6951172712702318
446.0	2.1345185400000006	0.6957651414253143
446.25	2.1325663799999997	0.6939479446488633
446.5	2.13061422	0.6950540644258335
446.75	2.1286620600000004	0.6933790830492788
447.0	2.1267099600000003	0.6926838077608976
447.25	2.1235490400000003	0.6919569290503171
447.5	2.12038818	0.6935687035824736
447.75	2.1172272600000004	0.6886069662972075
448.0	2.1140663400000004	0.6895076638298833
448.25	2.1097675799999998	0.6873744328314408
448.5	2.10546876	0.6874534413869388
448.75	2.1011699999999998	0.6858416668547822
449.0	2.0968711800000004	0.682112463035283
449.25	2.09156256	0.6836452290119416
449.5	2.08625394	0.6795525858371521
449.75	2.08094532	0.6793471635928576
450.0	2.0756367	0.67740355312761
450.25	2.06951844	0.6751755118625702
450.5	2.06340012	0.6722521953091491
450.75	2.0572818600000002	0.6722363935980495
451.0	2.0511635999999998	0.6701031625996072
451.25	2.04456996	0.6670692340684891
451.5	2.0379762599999998	0.6630872028713966
451.75	2.0313825600000004	0.6630714011602971
452.0	2.02478886	0.6579358450529357
452.25	2.01817338	0.6551705456105104
452.5	2.0115579	0.6528792975010722
452.75	2.00494242	0.6512043161245175
453.0	1.9983269399999997	0.6472064832163253
453.25	1.99196676	0.643145443463735
453.5	1.9856065799999998	0.6396532653107293
453.75	1.9792464000000003	0.6360978803133253
454.0	1.9728861600000003	0.6328901329601119
454.25	1.9669445400000003	0.6293821530960066
454.5	1.9610028599999998	0.625257906499018
454.75	1.95506118	0.6264114314092869
455.0	1.9491195000000001	0.6223503916566965
455.25	1.9436989200000003	0.6217183232127136
455.5	1.9382783400000003	0.6156978712837761
455.75	1.9328577000000002	0.6085396961556694
456.0	1.92743712	0.6042416307365854
456.25	1.9225900200000001	0.6010812885166708
456.5	1.91774292	0.5976839206302624
456.75	1.91289576	0.5916002618569267
457.0	1.9080486600000004	0.5873812049933407
457.25	1.90378296	0.5828935190410618
457.5	1.8995172599999999	0.5777737646448
457.75	1.8952515600000002	0.5718007178491613
458.0	1.8909858000000002	0.5660963001422153
458.25	1.88725296	0.5620826655229237
458.5	1.88352012	0.5561570238605837
458.75	1.87978728	0.552443621752184
459.0	1.8760544399999999	0.5464231698232466
459.25	1.87272576	0.539517822072733
459.5	1.8693971400000002	0.5330075170997087
459.75	1.8660684600000006	0.5276823404591525
460.0	1.86273978	0.5224519740851938
460.25	1.859718	0.514961963023996
460.5	1.8566962200000003	0.508183028962279
460.75	1.8536745	0.5021309736111425
461.0	1.8506527199999998	0.4964581593263956
461.25	1.8478854599999996	0.48768820966613236
461.5	1.8451182	0.48176256800379236
461.75	1.8423509400000002	0.4747466082755818
462.0	1.83958368	0.4685365358134495
462.25	1.8370343400000002	0.4627531095510056
462.5	1.834485	0.4553105036231066
462.75	1.8319356599999999	0.44963768933835974
463.0	1.8293862600000002	0.44184744576627005
463.25	1.8270278400000004	0.4363484503036186
463.5	1.8246693600000001	0.4287478272647238
463.75	1.82231094	0.42195309149190724
464.0	1.8199524600000003	0.4148107180749001
464.25	1.8177617400000001	0.40818980112417885
464.5	1.81557102	0.40144247048466103
464.75	1.8133803000000002	0.3958170613332129
465.0	1.81118958	0.38839025711641345
465.25	1.8091481400000002	0.3806316169665229
465.5	1.8071066999999998	0.37363145894941197
465.75	1.8050652600000001	0.3670895505541885
466.0	1.80302382	0.3610058917808528
466.25	1.80111408	0.35386351836384566
466.5	1.79920434	0.34676855008013724
466.75	1.7972945999999999	0.3418542179281699
467.0	1.7953848599999997	0.33455382740016704
467.25	1.79359014	0.32575227431770465
467.5	1.7917953599999996	0.3198582360775638
467.75	1.7900006400000001	0.31480168852570034
468.0	1.7882058600000001	0.3080859613083817
468.25	1.7865123000000005	0.30159145804645704
468.5	1.7848187400000002	0.2939276281631639
468.75	1.78312524	0.2879387796564256
469.0	1.7814316800000003	0.2825029910381724
469.25	1.7798301600000002	0.27501297997697466
469.5	1.77822864	0.2678232014266687
469.75	1.77662706	0.2613128964536445
470.0	1.7750255400000001	0.25597191810198877
470.25	1.7735067000000002	0.2513894218831125
470.5	1.7719878599999999	0.24445247071039977
470.75	1.77046902	0.2389218718255491
471.0	1.76895018	0.2327592044967155
471.25	1.7675070000000002	0.22661233887898144
471.5	1.7660638199999998	0.22081311090543804
471.75	1.76462064	0.2144292196212104
472.0	1.7631775200000004	0.20806113004808233
472.25	1.7618028600000002	0.20313099618501546
472.5	1.76042826	0.19779001783335967
472.75	1.75905366	0.1934287455698774
473.0	1.75767906	0.18751890561863696
473.25	1.75636758	0.18288900426646199
473.5	1.7550561000000005	0.17702656944852027
473.75	1.75374468	0.17157497911916747
474.0	1.7524332000000002	0.167592947922075
474.25	1.7511795600000002	0.1630262534142983
474.5	1.7499258600000003	0.1574956545294476
474.75	1.74867222	0.15552044064200093
475.0	1.74741852	0.14943678186866519
475.25	1.7462193000000004	0.14431702747240344
475.5	1.7450200800000002	0.13889704056524976
475.75	1.74382086	0.13338224339149868
476.0	1.74262164	0.12845210952843178
476.25	1.7414720399999999	0.12390121673175467
476.5	1.7403224400000001	0.11844962640240185
476.75	1.7391728400000002	0.11532088760468634
477.0	1.73802324	0.1107067879636109
477.25	1.7369205600000002	0.10890539289825954
477.5	1.7358178800000001	0.10493916341226664
477.75	1.7347152000000003	0.10011964152689676
478.0	1.7336125200000003	0.09853947041693942
478.25	1.7325524400000003	0.09400437933136188
478.5	1.73149236	0.09176053635522245
478.75	1.73043228	0.08749407435833766
479.0	1.7293722	0.08433373213842299
479.25	1.7283531600000002	0.08182126007359082
479.5	1.72733412	0.07943520169755525
479.75	1.72631502	0.07660669541073162
480.0	1.7252959799999998	0.07260886250253956
480.25	1.7243142	0.07158175128106728
480.5	1.72333248	0.06921149461613128
480.75	1.7223507	0.06725208243978419
481.0	1.7213689200000002	0.06401273166437166
481.25	1.7204233200000003	0.0623851554211156
481.5	1.7194776600000004	0.059999097045080024
481.75	1.7185320000000002	0.05796067631323505
482.0	1.7175863999999998	0.055890652159190944
482.25	1.71667368	0.05238267229508567
482.5	1.7157610199999995	0.050217837874444116
482.75	1.71484836	0.04919072665297185
483.0	1.7139357000000002	0.0470890990767286
483.25	1.7130544799999998	0.045824962188762725
483.5	1.71217326	0.042996455901939096
483.75	1.7112920400000002	0.04358111921262331
484.0	1.71041076	0.03974130341542698
484.25	1.70955918	0.039014424704846604
484.5	1.7087075999999999	0.03680218515090634
484.75	1.7078560200000001	0.035301022596446865
485.0	1.70700444	0.03436872164157204
485.25	1.70618058	0.033641842930991664
485.5	1.7053567200000002	0.030765931510869315
485.75	1.70453286	0.028869726178920516
486.0	1.703709	0.02837987313483374
486.25	1.7029121399999998	0.02667328833607982
486.5	1.7021152200000003	0.026815503735975982
486.75	1.7013183600000001	0.025282737759317366
487.0	1.7005215000000002	0.024587462470936135
487.25	1.6997491200000003	0.02322851531637283
487.5	1.6989766800000003	0.02142712025102147
487.75	1.6982043000000002	0.02084245694033725
488.0	1.6974319200000003	0.019262285830379915
488.25	1.6966834800000004	0.019657328607869253
488.5	1.6959350400000002	0.01837739000880381
488.75	1.69518654	0.018519605408699968
489.0	1.6944381000000002	0.015296056344387004
489.25	1.6937124000000001	0.01605453847716653
489.5	1.6929866999999998	0.016370572699157992
489.75	1.6922609999999998	0.015074832388992978
490.0	1.6915353000000004	0.013873902345425404
490.25	1.69083096	0.013415652723537777
490.5	1.69012662	0.011582654235987267
490.75	1.6894222800000003	0.011788076480281722
491.0	1.6887179400000003	0.010555543014515
491.25	1.6880337	0.01041332761461884
491.5	1.68734946	0.009607440348540598
491.75	1.6866651599999996	0.010492336170116705
492.0	1.68598092	0.00839070859387345
492.25	1.68531636	0.008280096616176437
492.5	1.6846518000000001	0.008880561637960223
492.75	1.68398718	0.007537416194496489
493.0	1.6833226200000002	0.006415494706426781
493.25	1.6826767200000003	0.006668322084019955
493.5	1.68203082	0.0068895460394139815
493.75	1.68138486	0.006494503261924647
494.0	1.6807389600000002	0.005530598884850673
494.25	1.68011052	0.005261969796157927
494.5	1.6794821400000002	0.004456082530079686
494.75	1.6788537000000003	0.005498995462651527
495.0	1.67822526	0.005056547551863473
495.25	1.6776138600000001	0.005593805729248967
495.5	1.6770024600000002	0.004835323596469446
495.75	1.67639106	0.006194270751032754
496.0	1.6757796600000001	0.005009142418564753
496.25	1.67518428	0.004108444885889072
496.5	1.6745889	0.0031287387977155237
496.75	1.67399352	0.002717894309126617
497.0	1.6733981400000002	0.0032393507754125373
497.25	1.6728181800000002	0.004013634619291632
497.5	1.67223822	0.0030339285311180835
497.75	1.67165826	0.0016591796654552022
498.0	1.6710783	0.0020384207318449627
498.25	1.6705132200000001	0.003349962753109551
498.5	1.6699481999999999	0.0016749813765547755
498.75	1.66938312	0.0029391182645206433
499.0	1.6688181000000002	0.0005688615995846408
499.25	1.66826694	0.0018962053319488024
499.5	1.6677157200000003	0.002228041265039843
499.75	1.6671645599999998	0.0014221539989616016
500.0	1.6666133999999997	0.0026230840425291763
500.25	1.66607604	0.00037924106638976044
500.5	1.6655387400000001	0.0010587146436714147
500.75	1.66500138	0.0
501.0	1.6644640199999998	0.0018171967764509355
501.25	1.66394004	0.0002370256664936003
501.5	1.6634160600000003	0.0019594121763470956
501.75	1.6628920800000002	0.0018646019097496556
502.0	1.66236804	0.0
502.25	1.6618559400000001	0.0012009300435675747
502.5	1.6613438400000002	0.0
502.75	1.6608316800000003	0.00011061197769701347
503.0	1.6603195800000001	0.0
503.25	1.65982014	7.900855549786677e-05
503.5	1.6593206999999999	0.0007900855549786677
503.75	1.6588212600000003	0.0005688615995846408
504.0	1.6583218800000001	0.001295740310165015
504.25	1.6578337200000002	0.0
504.5	1.65734556	6.320684439829341e-05
504.75	1.6568574	3.1603422199146706e-05
505.0	1.65636918	0.0
505.25	1.65589236	0.0
505.5	1.6554154799999998	0.0
505.75	1.6549386	0.0001738188220953069
506.0	1.65446178	0.0006478701550825075
506.25	1.6539951	0.00030023251089189367
506.5	1.65352842	0.0
506.75	1.65306174	0.0
507.0	1.65259512	0.0
507.25	1.6521391800000003	0.0
507.5	1.65168324	0.0
507.75	1.6512273	0.0
508.0	1.65077136	1.5801711099573353e-05
508.25	1.6503256200000003	0.0
508.5	1.6498798800000003	0.0
508.75	1.6494342	0.0
509.0	1.64898846	0.0
509.25	1.6485519600000003	0.0
509.5	1.6481154599999999	0.0
509.75	1.6476789000000003	0.0
510.0	1.6472424000000003	0.0
510.25	1.6468155000000002	0.0
510.5	1.6463885999999999	0.0
510.75	1.6459616999999997	0.0
511.0	1.6455348	0.0
511.25	1.6451166000000002	0.0
511.5	1.6446984000000002	0.0
511.75	1.6442801999999999	0.0
512.0	1.64386194	0.0
512.25	1.64345238	0.0
512.5	1.6430427600000002	0.0
512.75	1.6426332000000001	0.0
513.0	1.6422235800000002	0.0
513.25	1.6418226600000003	0.00030023251089189367
513.5	1.6414217400000002	0.0
513.75	1.6410207600000002	0.0
514.0	1.6406198399999998	0.0
514.25	1.64022654	0.0
514.5	1.6398333	0.0
514.75	1.6394400000000002	0.0
515.0	1.6390467000000002	0.0
515.25	1.63866156	0.0
515.5	1.6382763599999999	0.0
515.75	1.6378912199999998	0.0
516.0	1.6375060799999999	0.0
516.25	1.6371285	0.0
516.5	1.6367508600000003	0.0
516.75	1.6363732800000004	7.900855549786677e-05
517.0	1.6359956999999998	0.0
517.25	1.63562526	0.0
517.5	1.63525476	0.0
517.75	1.6348843199999998	0.0
518.0	1.63451388	0.0
518.25	1.63415052	0.0
518.5	1.6337871599999998	0.0002844307997923204
518.75	1.6334238	0.0
519.0	1.63306044	0.0
519.25	1.6327041600000003	0.0
519.5	1.6323479400000003	0.0
519.75	1.6319916600000002	0.0
520.0	1.63163538	0.0
520.25	1.6312856400000002	0.0
520.5	1.63093596	0.0
520.75	1.63058622	0.00018962053319488022
521.0	1.63023648	0.0008058872660782411
521.25	1.6298934	0.0
521.5	1.62955032	0.0
521.75	1.6292072400000002	0.0
522.0	1.6288642199999999	0.0
522.25	1.62852714	0.0
522.5	1.6281901199999997	0.0
522.75	1.6278531	0.0
523.0	1.6275160800000001	0.0
523.25	1.62718506	0.0
523.5	1.6268540400000002	0.0
523.75	1.62652302	0.0003476376441906138
524.0	1.6261919999999996	0.0
524.25	1.6258671	0.0
524.5	1.62554226	0.0
524.75	1.62521742	0.0
525.0	1.62489252	0.0
525.25	1.6245731399999999	0.0
525.5	1.6242537000000001	0.0003634393552901871
525.75	1.62393432	0.0
526.0	1.62361494	0.0011061197769701347
526.25	1.6233011400000001	0.0
526.5	1.6229873399999997	0.0
526.75	1.6226736	0.0007110769994808008
527.0	1.6223598000000001	0.0
527.25	1.6220515199999999	0.0
527.5	1.6217432400000003	0.0
527.75	1.6214349600000002	0.0
528.0	1.6211266800000002	0.0
528.25	1.6208235000000002	0.0
528.5	1.62052032	0.0
528.75	1.6202170800000002	0.0
529.0	1.6199139000000002	0.0
529.25	1.61961618	0.0
529.5	1.6193184600000001	0.0
529.75	1.6190207400000003	0.0
530.0	1.6187230199999996	0.0
530.25	1.6184299199999996	0.0
530.5	1.6181367599999998	0.0
530.75	1.6178436600000001	0.0
531.0	1.6175505600000002	0.0
531.25	1.6172624999999998	0.0
531.5	1.61697444	0.0
531.75	1.61668638	0.0
532.0	1.61639826	0.0004898530440867739
532.25	1.6161147	0.0
532.5	1.6158310800000002	0.0009797060881735478
532.75	1.6155475200000002	0.0
533.0	1.6152639000000002	0.0005214564662859206
533.25	1.6149853199999997	0.0
533.5	1.6147067999999998	0.0
533.75	1.6144282199999997	0.0
534.0	1.6141496400000002	0.0
534.25	1.6138751400000002	9.481026659744011e-05
534.5	1.61360064	0.0
534.75	1.6133261399999999	0.0
535.0	1.6130515800000003	0.0
535.25	1.61278158	0.0
535.5	1.61251158	0.0
535.75	1.61224158	0.0
536.0	1.6119715799999998	0.0
536.25	1.6117056000000003	0.0
536.5	1.61143962	0.0004108444885889072
536.75	1.61117364	0.0
537.0	1.6109077200000002	0.0
537.25	1.61064624	0.0
537.5	1.6103847599999999	0.0
537.75	1.6101233400000001	1.5801711099573353e-05
538.0	1.60986186	0.0
538.25	1.6096039199999996	0.0006320684439829341
538.5	1.60934592	0.0
538.75	1.60908798	0.0
539.0	1.6088300400000002	0.0
539.25	1.6085765400000003	0.0
539.5	1.60832304	0.0
539.75	1.60806954	0.0
540.0	1.6078161	0.0
540.25	1.6075662	0.0
540.5	1.6073163000000004	9.481026659744011e-05
540.75	1.6070664600000004	0.0
541.0	1.6068165600000004	0.0
541.25	1.6065700800000002	0.0001738188220953069
541.5	1.6063236	0.0
541.75	1.60607712	0.0
542.0	1.60583064	0.0
542.25	1.60558836	0.0
542.5	1.6053460200000003	0.0
542.75	1.6051036799999998	0.0
543.0	1.6048613400000002	0.0
543.25	1.60462194	0.0
543.5	1.6043824800000004	0.0
543.75	1.60414308	0.0
544.0	1.60390362	0.00030023251089189367
544.25	1.60366818	0.0
544.5	1.6034328000000002	0.0
544.75	1.60319736	0.0
545.0	1.6029619199999998	0.0
545.25	1.60272954	0.0
545.5	1.60249716	0.0
545.75	1.60226478	0.0
546.0	1.6020324000000001	0.0
546.25	1.6018035	0.0
546.5	1.6015746600000003	0.0
546.75	1.60134582	0.0
547.0	1.60111698	0.0001422153998961602
547.25	1.60089156	0.0
547.5	1.6006661399999997	0.0
547.75	1.60044078	0.0
548.0	1.60021536	0.0
548.25	1.5999928799999998	0.0002844307997923204
548.5	1.5997704600000002	0.0
548.75	1.59954798	0.0
549.0	1.5993255600000003	0.0
549.25	1.5991057199999998	0.0
549.5	1.5988858200000002	0.0
549.75	1.5986659799999998	0.0
550.0	1.59844608	0.0
550.25	1.59822966	0.0
550.5	1.5980133000000003	0.0005530598884850674
550.75	1.59779688	0.0
551.0	1.5975804599999996	0.0
551.25	1.5973671000000003	0.0
551.5	1.5971536800000001	0.0
551.75	1.5969403199999999	0.0
552.0	1.5967269000000002	0.0
552.25	1.59651648	0.0
552.5	1.5963061200000004	0.0
552.75	1.5960957	0.0
553.0	1.5958853400000002	0.00025282737759317364
553.25	1.5956773800000001	0.0
553.5	1.5954694799999998	0.0
553.75	1.59526152	0.0
554.0	1.59505362	0.0
554.25	1.5948487199999999	0.0
554.5	1.5946437600000003	0.0
554.75	1.59443886	0.0
555.0	1.5942339600000002	0.0
555.25	1.5940315199999997	0.0
555.5	1.5938290800000001	0.0001738188220953069
555.75	1.5936267000000002	0.0
556.0	1.59342426	0.0
556.25	1.5932243400000001	0.0
556.5	1.59302436	0.0
556.75	1.5928244400000002	0.0
557.0	1.5926244600000001	0.0
557.25	1.5924274800000002	0.0
557.5	1.5922304999999999	0.0
557.75	1.5920335200000002	0.0
558.0	1.5918365399999999	0.0
558.25	1.5916416	0.0
558.5	1.5914466600000003	0.0
558.75	1.59125172	0.0
559.0	1.5910567800000002	0.0
559.25	1.59086478	0.0
559.5	1.5906728400000003	0.0
559.75	1.5904808400000001	0.0
560.0	1.5902889	0.0
560.25	1.5900989400000003	0.0004740513329872006
560.5	1.5899089800000001	0.0
560.75	1.58971908	0.0
561.0	1.58952912	0.0
561.25	1.58934162	0.0
561.5	1.5891541200000001	0.0
561.75	1.5889666199999999	0.0
562.0	1.5887791199999999	0.0
562.25	1.58859414	0.0
562.5	1.5884091599999999	0.0
562.75	1.5882242400000002	0.0
563.0	1.58803926	0.0
563.25	1.58785668	0.0
563.5	1.5876741	0.0
563.75	1.58749152	0.0
564.0	1.587309	0.0
564.25	1.5871285199999998	0.0
564.5	1.5869480400000002	0.0
564.75	1.58676762	0.0
565.0	1.5865871400000002	0.0
565.25	1.58640858	0.0
565.5	1.5862300200000004	0.0
565.75	1.5860514600000002	0.0
566.0	1.5858728999999998	0.0
566.25	1.5856963800000001	0.0
566.5	1.5855198600000002	0.0
566.75	1.58534334	0.0
567.0	1.5851667600000001	0.0005846633106842141
567.25	1.5849927599999996	0.0007268787105803742
567.5	1.5848187	0.0
567.75	1.5846446399999998	0.0
568.0	1.5844705799999999	0.0
568.25	1.5842985	0.0
568.5	1.58412642	0.0
568.75	1.5839544000000003	0.0
569.0	1.58378232	0.0
569.25	1.58361222	0.0
569.5	1.58344212	0.0
569.75	1.5832719600000003	0.0
570.0	1.5831018600000002	0.0001422153998961602
570.25	1.58310186	0.0
570.5	1.5831018600000002	0.0
570.75	1.5831018600000002	0.0
571.0	1.5831018600000002	0.0
571.25	1.5831018600000002	0.0
571.5	1.5831018600000002	0.0
571.75	1.5831018600000002	0.0
572.0	1.58310186	0.0
572.25	1.5831018600000002	0.0
572.5	1.5831018600000002	0.0
572.75	1.58310186	0.0
573.0	1.5831018600000002	0.0
573.25	1.5831018600000002	0.0
573.5	1.58310186	0.0
573.75	1.5831018600000002	0.0
574.0	1.5831018600000002	0.0
574.25	1.5831018600000002	0.0
574.5	1.5831018600000002	0.0
574.75	1.5831018600000002	0.0
575.0	1.5831018600000002	0.0
575.25	1.5831018600000002	0.0
575.5	1.5831018600000002	0.0
575.75	1.5831018600000002	0.0007900855549786677
576.0	1.5831018600000002	0.0
576.25	1.5831018600000002	0.0
576.5	1.5831018600000002	0.0
576.75	1.5831018600000002	0.0
577.0	1.5831018600000002	0.0
577.25	1.5831018600000002	0.0
577.5	1.5831018600000002	0.0
577.75	1.5831018600000002	0.0
578.0	1.5831018600000002	0.0
578.25	1.5831018600000002	0.0
578.5	1.5831018600000002	0.0
578.75	1.5831018600000002	0.0
579.0	1.5831018600000002	0.0
579.25	1.5831018600000002	0.0
579.5	1.5831018600000002	0.0
579.75	1.5831018600000002	0.0
580.0	1.5831018600000002	0.0
580.25	1.5831018600000002	0.00012641368879658682
580.5	1.5831018600000002	0.0
580.75	1.5831018600000002	0.0
581.0	1.5831018600000002	4.7405133298720055e-05
581.25	1.5831018600000002	0.0
581.5	1.5831018600000002	0.0
581.75	1.5831018600000002	0.0
582.0	1.5831018600000002	0.0
582.25	1.5831018600000002	0.0
582.5	1.5831018600000002	0.0
582.75	1.5831018600000002	0.0
583.0	1.5831018600000002	0.0
583.25	1.5831018600000002	0.0
583.5	1.5831018600000002	0.0
583.75	1.5831018600000002	0.0
584.0	1.5831018600000002	0.0
584.25	1.5831018600000002	0.0
584.5	1.5831018600000002	0.0
584.75	1.5831018600000002	0.0
585.0	1.5831018600000002	0.0
585.25	1.5831018600000002	0.0
585.5	1.5831018600000002	0.0
585.75	1.5831018600000002	0.0005530598884850674
586.0	1.5831018600000002	0.00022122395539402693
586.25	1.5831018600000002	0.0
586.5	1.5831018600000002	0.0
586.75	1.5831018600000002	0.0
587.0	1.5831018600000002	0.0
587.25	1.5831018600000002	0.0
587.5	1.5831018600000002	0.0
587.75	1.5831018600000002	0.0
588.0	1.5831018600000002	0.0
588.25	1.5831018600000002	0.0
588.5	1.5831018600000002	0.0006794735772816542
588.75	1.5831018600000002	0.0
589.0	1.5831018600000002	0.0
589.25	1.5831018600000002	0.0
589.5	1.5831018600000002	0.0
589.75	1.5831018600000002	0.0
590.0	1.5831018600000002	0.0
590.25	1.5831018600000002	0.0
590.5	1.5831018600000002	0.0
590.75	1.5831018600000002	0.0
591.0	1.5831018600000002	0.0
591.25	1.5831018600000002	0.0
591.5	1.5831018600000002	0.0
591.75	1.5831018600000002	0.0
592.0	1.5831018600000002	0.0
592.25	1.5831018600000002	0.0
592.5	1.5831018600000002	0.0
592.75	1.5831018600000002	0.0
593.0	1.5831018600000002	0.0
593.25	1.5831018600000002	0.0
593.5	1.5831018600000002	0.0
593.75	1.5831018600000002	0.0
594.0	1.5831018600000002	0.0
594.25	1.5831018600000002	0.0
594.5	1.5831018600000002	0.0
594.75	1.5831018600000002	0.0
595.0	1.5831018600000002	3.1603422199146706e-05
595.25	1.5831018600000002	0.0
595.5	1.5831018600000002	0.0
595.75	1.5831018600000002	0.0
596.0	1.5831018600000002	0.0
596.25	1.5831018600000002	0.0
596.5	1.5831018600000002	0.0
596.75	1.5831018600000002	0.0
597.0	1.5831018600000002	0.0
597.25	1.5831018600000002	0.0
597.5	1.5831018600000002	0.0
597.75	1.5831018600000002	0.0
598.0	1.5831018600000002	0.0
598.25	1.5831018600000002	0.0
598.5	1.5831018600000002	0.0
598.75	1.5831018600000002	0.0
599.0	1.5831018600000002	0.0
599.25	1.5831018600000002	0.0
599.5	1.5831018600000002	0.0
599.75	1.5831018600000002	0.0
600.0	1.5831018600000002	0.00012641368879658682
600.25	1.5831018600000002	0.0
600.5	1.5831018600000002	0.0
600.75	1.5831018600000002	0.0
601.0	1.5831018600000002	0.0
601.25	1.5831018600000002	0.0
601.5	1.5831018600000002	0.0
601.75	1.5831018600000002	0.0
602.0	1.5831018600000002	0.0
602.25	1.5831018600000002	0.0
602.5	1.5831018600000002	0.0
602.75	1.5831018600000002	0.0
603.0	1.5831018600000002	0.0
603.25	1.5831018600000002	0.0
603.5	1.5831018600000002	0.0
603.75	1.5831018600000002	0.0
604.0	1.5831018600000002	0.0
604.25	1.5831018600000002	0.0
604.5	1.5831018600000002	0.0
604.75	1.5831018600000002	0.0
605.0	1.5831018600000002	0.0
605.25	1.5831018600000002	0.0
605.5	1.5831018600000002	0.0
605.75	1.5831018600000002	0.0
606.0	1.5831018600000002	0.0
606.25	1.5831018600000002	0.0
606.5	1.5831018600000002	0.0
606.75	1.5831018600000002	0.0
607.0	1.5831018600000002	0.0
607.25	1.5831018600000002	0.0
607.5	1.5831018600000002	0.0
607.75	1.5831018600000002	0.0
608.0	1.5831018600000002	0.0
608.25	1.5831018600000002	0.0
608.5	1.5831018600000002	0.0
608.75	1.5831018600000002	0.0
609.0	1.5831018600000002	0.0
609.25	1.5831018600000002	0.0
609.5	1.5831018600000002	0.0
609.75	1.5831018600000002	0.0
610.0	1.5831018600000002	0.0
610.25	1.5831018600000002	0.0
610.5	1.5831018600000002	0.0
610.75	1.5831018600000002	0.0
611.0	1.5831018600000002	0.0
611.25	1.5831018600000002	0.0
611.5	1.5831018600000002	0.0
611.75	1.5831018600000002	0.0
612.0	1.5831018600000002	0.0
612.25	1.5831018600000002	0.0
612.5	1.5831018600000002	0.0
612.75	1.5831018600000002	0.0
613.0	1.5831018600000002	0.0
613.25	1.5831018600000002	0.0
613.5	1.5831018600000002	0.0
613.75	1.5831018600000002	0.0
614.0	1.5831018600000002	0.0
614.25	1.5831018600000002	0.0
614.5	1.5831018600000002	0.0
614.75	1.5831018600000002	0.0
615.0	1.5831018600000002	0.0
615.25	1.5831018600000002	0.0
615.5	1.5831018600000002	0.0
615.75	1.5831018600000002	0.0
616.0	1.5831018600000002	0.0
616.25	1.5831018600000002	0.0
616.5	1.5831018600000002	0.0
616.75	1.5831018600000002	0.0
617.0	1.5831018600000002	0.0
617.25	1.5831018600000002	0.0
617.5	1.5831018600000002	0.0
617.75	1.5831018600000002	0.0
618.0	1.5831018600000002	0.0
618.25	1.5831018600000002	0.0
618.5	1.5831018600000002	0.0
618.75	1.5831018600000002	0.0
619.0	1.5831018600000002	0.0
619.25	1.5831018600000002	0.0
619.5	1.5831018600000002	0.0
619.75	1.5831018600000002	0.0
620.0	1.5831018600000002	0.0
620.25	1.5831018600000002	0.0
620.5	1.5831018600000002	0.0
620.75	1.5831018600000002	0.0
621.0	1.5831018600000002	0.0
621.25	1.5831018600000002	0.0
621.5	1.5831018600000002	0.0
621.75	1.5831018600000002	0.0
622.0	1.5831018600000002	0.0
622.25	1.5831018600000002	0.0
622.5	1.5831018600000002	0.0
622.75	1.5831018600000002	0.0
623.0	1.5831018600000002	0.0
623.25	1.5831018600000002	0.0
623.5	1.5831018600000002	0.0
623.75	1.5831018600000002	0.0
624.0	1.5831018600000002	0.0
624.25	1.5831018600000002	0.0
624.5	1.5831018600000002	0.0
624.75	1.5831018600000002	0.0
625.0	1.5831018600000002	0.0
625.25	1.5831018600000002	0.0
625.5	1.5831018600000002	0.0
625.75	1.5831018600000002	0.0
626.0	1.5831018600000002	0.0
626.25	1.5831018600000002	0.0
626.5	1.5831018600000002	0.0
626.75	1.5831018600000002	0.0
627.0	1.5831018600000002	0.0
627.25	1.5831018600000002	0.0
627.5	1.5831018600000002	0.0
627.75	1.5831018600000002	0.0
628.0	1.5831018600000002	0.0
628.25	1.5831018600000002	0.0
628.5	1.5831018600000002	0.0
628.75	1.5831018600000002	0.0
629.0	1.5831018600000002	0.0
629.25	1.5831018600000002	0.0
629.5	1.5831018600000002	0.0
629.75	1.5831018600000002	0.0
630.0	1.5831018600000002	0.0
630.25	1.5831018600000002	0.0
630.5	1.5831018600000002	0.0
630.75	1.5831018600000002	0.0
631.0	1.5831018600000002	0.0
631.25	1.5831018600000002	0.0
631.5	1.5831018600000002	0.0
631.75	1.5831018600000002	0.0
632.0	1.5831018600000002	0.0
632.25	1.5831018600000002	0.0
632.5	1.5831018600000002	0.0
632.75	1.5831018600000002	0.0
633.0	1.5831018600000002	0.0
633.25	1.5831018600000002	0.00031603422199146707
633.5	1.5831018600000002	0.0
633.75	1.5831018600000002	0.00012641368879658682
634.0	1.5831018600000002	0.0
634.25	1.5831018600000002	0.0
634.5	1.5831018600000002	0.0
634.75	1.5831018600000002	0.0
635.0	1.5831018600000002	0.0
635.25	1.5831018600000002	0.0
635.5	1.5831018600000002	0.0
635.75	1.5831018600000002	0.0
636.0	1.5831018600000002	0.0
636.25	1.5831018600000002	0.0
636.5	1.5831018600000002	0.0
636.75	1.5831018600000002	0.0
637.0	1.5831018600000002	0.0
637.25	1.5831018600000002	0.0
637.5	1.5831018600000002	0.0
637.75	1.5831018600000002	0.0
638.0	1.5831018600000002	0.0
638.25	1.5831018600000002	0.0
638.5	1.5831018600000002	0.0
638.75	1.5831018600000002	0.0
639.0	1.5831018600000002	0.0
639.25	1.5831018600000002	0.0
639.5	1.5831018600000002	0.0
639.75	1.5831018600000002	0.0
640.0	1.5831018600000002	0.0
640.25	1.5831018600000002	0.0
640.5	1.5831018600000002	0.0
640.75	1.5831018600000002	0.0
641.0	1.5831018600000002	0.0
641.25	1.5831018600000002	0.0
641.5	1.5831018600000002	0.0
641.75	1.5831018600000002	0.0
642.0	1.5831018600000002	0.0
642.25	1.5831018600000002	0.0
642.5	1.5831018600000002	0.0
642.75	1.5831018600000002	0.0
643.0	1.5831018600000002	0.0
643.25	1.5831018600000002	0.0
643.5	1.5831018600000002	0.0
643.75	1.5831018600000002	0.0
644.0	1.5831018600000002	0.0
644.25	1.5831018600000002	0.0
644.5	1.5831018600000002	0.0
644.75	1.5831018600000002	0.0
645.0	1.5831018600000002	0.0
645.25	1.5831018600000002	0.0
645.5	1.5831018600000002	0.0
645.75	1.5831018600000002	0.0
646.0	1.5831018600000002	0.0
646.25	1.5831018600000002	0.0
646.5	1.5831018600000002	0.0
646.75	1.5831018600000002	0.0
647.0	1.5831018600000002	0.0
647.25	1.5831018600000002	0.0003476376441906138
647.5	1.5831018600000002	0.0
647.75	1.5831018600000002	0.0
648.0	1.5831018600000002	0.0
648.25	1.5831018600000002	0.0
648.5	1.5831018600000002	0.0
648.75	1.5831018600000002	0.0
649.0	1.5831018600000002	0.0
649.25	1.5831018600000002	0.0
649.5	1.5831018600000002	0.0
649.75	1.5831018600000002	0.0
650.0	1.5831018600000002	0.0
650.25	1.5831018600000002	0.0
650.5	1.5831018600000002	0.0
650.75	1.5831018600000002	0.0
651.0	1.5831018600000002	0.0
651.25	1.5831018600000002	0.0
651.5	1.5831018600000002	0.0
651.75	1.5831018600000002	0.0
652.0	1.5831018600000002	0.0
652.25	1.5831018600000002	0.0
652.5	1.5831018600000002	0.0
652.75	1.5831018600000002	0.0
653.0	1.5831018600000002	0.0
653.25	1.5831018600000002	0.0
653.5	1.5831018600000002	0.0008058872660782411
653.75	1.5831018600000002	0.0
654.0	1.5831018600000002	0.0
654.25	1.5831018600000002	0.0
654.5	1.5831018600000002	0.0
654.75	1.5831018600000002	0.0
655.0	1.5831018600000002	0.0
655.25	1.5831018600000002	0.0
655.5	1.5831018600000002	0.0
655.75	1.5831018600000002	0.0
656.0	1.5831018600000002	0.0
656.25	1.5831018600000002	0.0
656.5	1.5831018600000002	0.0
656.75	1.5831018600000002	0.0
657.0	1.5831018600000002	0.0
657.25	1.5831018600000002	0.0
657.5	1.5831018600000002	0.0
657.75	1.5831018600000002	0.0
658.0	1.5831018600000002	0.0
658.25	1.5831018600000002	0.0
658.5	1.5831018600000002	0.0
658.75	1.5831018600000002	0.0
659.0	1.5831018600000002	0.0
659.25	1.5831018600000002	0.0
659.5	1.5831018600000002	0.0
659.75	1.5831018600000002	0.0
660.0	1.5831018600000002	0.0
660.25	1.5831018600000002	0.0
660.5	1.5831018600000002	0.0
660.75	1.5831018600000002	0.0
661.0	1.5831018600000002	0.0
661.25	1.5831018600000002	0.0
661.5	1.5831018600000002	0.0
661.75	1.5831018600000002	0.0
662.0	1.5831018600000002	0.0
662.25	1.5831018600000002	0.0
662.5	1.5831018600000002	0.0
662.75	1.5831018600000002	0.0
663.0	1.5831018600000002	0.0
663.25	1.5831018600000002	0.0
663.5	1.5831018600000002	0.0
663.75	1.5831018600000002	0.0
664.0	1.5831018600000002	0.0
664.25	1.5831018600000002	0.0
664.5	1.5831018600000002	0.0
664.75	1.5831018600000002	0.0
665.0	1.5831018600000002	0.0
665.25	1.5831018600000002	0.0
665.5	1.5831018600000002	0.0
665.75	1.5831018600000002	0.0
666.0	1.5831018600000002	0.0
666.25	1.5831018600000002	0.0
666.5	1.5831018600000002	0.0
666.75	1.5831018600000002	0.0
667.0	1.5831018600000002	0.0
667.25	1.5831018600000002	0.0
667.5	1.5831018600000002	0.0
667.75	1.5831018600000002	0.0
668.0	1.5831018600000002	0.0
668.25	1.5831018600000002	0.0
668.5	1.5831018600000002	0.0
668.75	1.5831018600000002	0.0
669.0	1.5831018600000002	0.0
669.25	1.5831018600000002	0.0
669.5	1.5831018600000002	0.0
669.75	1.5831018600000002	0.0
670.0	1.5831018600000002	0.0
670.25	1.5831018600000002	0.0
670.5	1.5831018600000002	0.0
670.75	1.5831018600000002	0.0
671.0	1.5831018600000002	0.0
671.25	1.5831018600000002	0.0
671.5	1.5831018600000002	0.0
671.75	1.5831018600000002	0.0
672.0	1.5831018600000002	0.0
672.25	1.5831018600000002	0.0
672.5	1.5831018600000002	0.0
672.75	1.5831018600000002	0.0
673.0	1.5831018600000002	0.0
673.25	1.5831018600000002	0.0
673.5	1.5831018600000002	0.0004266461996884806
673.75	1.5831018600000002	0.0
674.0	1.5831018600000002	0.0
674.25	1.5831018600000002	0.0
674.5	1.5831018600000002	0.0
674.75	1.5831018600000002	0.0
675.0	1.5831018600000002	0.0
675.25	1.5831018600000002	0.0
675.5	1.5831018600000002	0.0
675.75	1.5831018600000002	0.0
676.0	1.5831018600000002	0.0
676.25	1.5831018600000002	0.0
676.5	1.5831018600000002	0.0
676.75	1.5831018600000002	0.0
677.0	1.5831018600000002	0.0
677.25	1.5831018600000002	0.0
677.5	1.5831018600000002	0.0
677.75	1.5831018600000002	0.0
678.0	1.5831018600000002	0.0
678.25	1.5831018600000002	0.0
678.5	1.5831018600000002	0.0
678.75	1.5831018600000002	0.0
679.0	1.5831018600000002	0.0
679.25	1.5831018600000002	0.0
679.5	1.5831018600000002	0.0
679.75	1.5831018600000002	0.0
680.0	1.5831018600000002	0.0
680.25	1.5831018600000002	0.0
680.5	1.5831018600000002	0.0
680.75	1.5831018600000002	0.0
681.0	1.5831018600000002	0.0
681.25	1.5831018600000002	0.0
681.5	1.5831018600000002	0.0
681.75	1.5831018600000002	0.0
682.0	1.5831018600000002	0.0
682.25	1.5831018600000002	0.0
682.5	1.5831018600000002	0.0
682.75	1.5831018600000002	0.0
683.0	1.5831018600000002	0.0
683.25	1.5831018600000002	0.0
683.5	1.5831018600000002	0.0
683.75	1.5831018600000002	0.00022122395539402693
684.0	1.5831018600000002	0.0
684.25	1.5831018600000002	0.0
684.5	1.5831018600000002	0.0
684.75	1.5831018600000002	0.0
685.0	1.5831018600000002	0.0
685.25	1.5831018600000002	0.0
685.5	1.5831018600000002	0.0
685.75	1.5831018600000002	0.0
686.0	1.5831018600000002	0.0
686.25	1.5831018600000002	0.0
686.5	1.5831018600000002	0.0
686.75	1.5831018600000002	0.0
687.0	1.5831018600000002	0.0
687.25	1.5831018600000002	0.0
687.5	1.5831018600000002	0.0
687.75	1.5831018600000002	0.0
688.0	1.5831018600000002	0.0
688.25	1.5831018600000002	0.0
688.5	1.5831018600000002	0.0
688.75	1.5831018600000002	0.0
689.0	1.5831018600000002	0.0
689.25	1.5831018600000002	0.0
689.5	1.5831018600000002	0.0
689.75	1.5831018600000002	0.0
690.0	1.5831018600000002	0.0
690.25	1.5831018600000002	0.0
690.5	1.5831018600000002	0.0
690.75	1.5831018600000002	0.0
691.0	1.5831018600000002	0.0
691.25	1.5831018600000002	0.0
691.5	1.5831018600000002	0.0
691.75	1.5831018600000002	0.0
692.0	1.5831018600000002	0.0
692.25	1.5831018600000002	0.0
692.5	1.5831018600000002	0.0
692.75	1.5831018600000002	0.0
693.0	1.5831018600000002	0.0
693.25	1.5831018600000002	0.0
693.5	1.5831018600000002	0.0
693.75	1.5831018600000002	0.0
694.0	1.5831018600000002	0.0
694.25	1.5831018600000002	0.0
694.5	1.5831018600000002	0.0
694.75	1.5831018600000002	0.0
695.0	1.5831018600000002	0.0
695.25	1.5831018600000002	0.0001738188220953069
695.5	1.5831018600000002	0.0
695.75	1.5831018600000002	0.0
696.0	1.5831018600000002	0.0
696.25	1.5831018600000002	0.0
696.5	1.5831018600000002	0.0
696.75	1.5831018600000002	0.0
697.0	1.5831018600000002	0.0
697.25	1.5831018600000002	0.0
697.5	1.5831018600000002	0.0
697.75	1.5831018600000002	0.0
698.0	1.5831018600000002	0.0
698.25	1.5831018600000002	0.0
698.5	1.5831018600000002	0.0
698.75	1.5831018600000002	0.0
699.0	1.5831018600000002	0.0
699.25	1.5831018600000002	0.0
699.5	1.5831018600000002	0.0
699.75	1.5831018600000002	0.0
700.0	1.5831018600000002	0.0
700.25	1.5831018600000002	0.0
700.5	1.5831018600000002	0.0
700.75	1.5831018600000002	0.0
701.0	1.5831018600000002	0.0
701.25	1.5831018600000002	0.0
701.5	1.5831018600000002	0.0
701.75	1.5831018600000002	0.0
702.0	1.5831018600000002	0.0
702.25	1.5831018600000002	0.0
702.5	1.5831018600000002	0.0
702.75	1.5831018600000002	0.0
703.0	1.5831018600000002	0.0
703.25	1.5831018600000002	3.1603422199146706e-05
703.5	1.5831018600000002	0.0
703.75	1.5831018600000002	0.0
704.0	1.5831018600000002	0.0
704.25	1.5831018600000002	0.0
704.5	1.5831018600000002	0.0
704.75	1.5831018600000002	0.0
705.0	1.5831018600000002	0.0
705.25	1.5831018600000002	0.0
705.5	1.5831018600000002	0.0
705.75	1.5831018600000002	0.0
706.0	1.5831018600000002	0.0
706.25	1.5831018600000002	0.0
706.5	1.5831018600000002	0.0
706.75	1.5831018600000002	0.0
707.0	1.5831018600000002	0.0
707.25	1.5831018600000002	0.0
707.5	1.5831018600000002	0.0
707.75	1.5831018600000002	0.0
708.0	1.5831018600000002	0.0
708.25	1.5831018600000002	0.0
708.5	1.5831018600000002	0.0
708.75	1.5831018600000002	0.0
709.0	1.5831018600000002	0.0
709.25	1.5831018600000002	0.0
709.5	1.5831018600000002	0.0
709.75	1.5831018600000002	0.0
710.0	1.5831018600000002	0.0
710.25	1.5831018600000002	0.0
710.5	1.5831018600000002	0.0
710.75	1.5831018600000002	0.0
711.0	1.5831018600000002	0.0
711.25	1.5831018600000002	0.0
711.5	1.5831018600000002	0.0
711.75	1.5831018600000002	0.0
712.0	1.5831018600000002	0.0
712.25	1.5831018600000002	0.0
712.5	1.5831018600000002	0.0
712.75	1.5831018600000002	0.0
713.0	1.5831018600000002	0.0
713.25	1.5831018600000002	0.0
713.5	1.5831018600000002	0.0
713.75	1.5831018600000002	0.0
714.0	1.5831018600000002	0.0
714.25	1.5831018600000002	0.0
714.5	1.5831018600000002	0.0
714.75	1.5831018600000002	0.0
715.0	1.5831018600000002	0.0
715.25	1.5831018600000002	0.0
715.5	1.5831018600000002	0.0
715.75	1.5831018600000002	0.0
716.0	1.5831018600000002	0.0
716.25	1.5831018600000002	0.0
716.5	1.5831018600000002	0.0
716.75	1.5831018600000002	0.0
717.0	1.5831018600000002	0.0
717.25	1.5831018600000002	0.0
717.5	1.5831018600000002	0.0
717.75	1.5831018600000002	0.0
718.0	1.5831018600000002	0.0
718.25	1.5831018600000002	0.0
718.5	1.5831018600000002	0.0
718.75	1.5831018600000002	0.0
719.0	1.5831018600000002	0.0
719.25	1.58310186	0.0
719.5	1.58310186	0.0
719.75	1.5831018599999997	0.0
720.0	1.58310186	0.0
