Opt. Cauchy of FusedSilica vs. nm,,
nm,n,k
200,1.5104475000000002,-0.0
201,1.510771175500471,-0.0
202,1.5110712845667393,-0.0
203,1.511348748223012,-0.0
204,1.51160445164157,-0.0
205,1.511839245640378,-0.0
206,1.5120539481125876,-0.0
207,1.5122493453913075,-0.0
208,1.5124261935528343,-0.0
209,1.5125852196613616,-0.0
210,1.5127271229580268,-0.0
211,1.5128525759970082,-0.0
212,1.5129622257312325,-0.0
213,1.5130566945501254,-0.0
214,1.5131365812717115,-0.0
215,1.513202462091242,-0.0
216,1.513254891488425,-0.0
217,1.5132944030952191,-0.0
218,1.5133215105260547,-0.0
219,1.51333670817225,-0.0
220,1.5133404719622976,-0.0
221,1.513333260089616,-0.0
222,1.5133155137092753,-0.0
223,1.5132876576051348,-0.0
224,1.5132501008287564,-0.0
225,1.5132032373113855,-0.0
226,1.5131474464502372,-0.0
227,1.513083093670252,-0.0
228,1.5130105309624355,-0.0
229,1.5129300973998452,-0.0
230,1.5128421196322197,-0.0
231,1.5127469123602202,-0.0
232,1.512644778790184,-0.0
233,1.5125360110702657,-0.0
234,1.512420890708785,-0.0
235,1.5122996889755704,-0.0
236,1.512172667287044,-0.0
237,1.5120400775757623,-0.0
238,1.5119021626450921,-0.0
239,1.511759156509663,-0.0
240,1.5116112847222223,-0.0
241,1.5114587646874678,-0.0
242,1.5113018059634302,-0.0
243,1.5111406105509304,-0.0
244,1.5109753731716262,-0.0
245,1.5108062815351304,-0.0
246,1.5106335165956672,-0.0
247,1.5104572527987072,-0.0
248,1.5102776583180026,-0.0
249,1.5100948952834263,-0.0
250,1.50990912,-0.0
251,1.5097204831584787,-0.0
252,1.5095291300378388,-0.0
253,1.5093352007000105,-0.0
254,1.5091388301771707,-0.0
255,1.5089401486519027,-0.0
256,1.508739281630516,-0.0
257,1.5085363501098057,-0.0
258,1.5083314707375155,-0.0
259,1.508124755966766,-0.0
260,1.5079163142046847,-0.0
261,1.5077062499554774,-0.0
262,1.5074946639581612,-0.0
263,1.5072816533191746,-0.0
264,1.5070673116400672,-0.0
265,1.5068517291404668,-0.0
266,1.5066349927765108,-0.0
267,1.5064171863549187,-0.0
268,1.506198390642883,-0.0
269,1.5059786834739357,-0.0
270,1.505758139849955,-0.0
271,1.5055368320394589,-0.0
272,1.505314829672328,-0.0
273,1.505092199831105,-0.0
274,1.504869007138992,-0.0
275,1.504645313844683,-0.0
276,1.5044211799041443,-0.0
277,1.5041966630594692,-0.0
278,1.5039718189149118,-0.0
279,1.5037467010102086,-0.0
280,1.5035213608912954,-0.0
281,1.5032958481785115,-0.0
282,1.5030702106323937,-0.0
283,1.5028444942171422,-0.0
284,1.5026187431618556,-0.0
285,1.5023930000196097,-0.0
286,1.502167305724468,-0.0
287,1.5019416996464943,-0.0
288,1.5017162196448475,-0.0
289,1.5014909021190264,-0.0
290,1.5012657820583333,-0.0
291,1.5010408930896235,-0.0
292,1.5008162675234007,-0.0
293,1.500591936398323,-0.0
294,1.5003679295241743,-0.0
295,1.5001442755233587,-0.0
296,1.4999210018709708,-0.0
297,1.4996981349334937,-0.0
298,1.4994757000061767,-0.0
299,1.4992537213491346,-0.0
300,1.4990322222222223,-0.0
301,1.498811224918721,-0.0
302,1.4985907507978857,-0.0
303,1.4983708203163875,-0.0
304,1.4981514530586975,-0.0
305,1.4979326677664435,-0.0
306,1.49771448236678,-0.0
307,1.4974969139998051,-0.0
308,1.4972799790450564,-0.0
309,1.497063693147122,-0.0
310,1.4968480712403942,-0.0
311,1.4966331275729974,-0.0
312,1.4964188757299193,-0.0
313,1.4962053286553718,-0.0
314,1.4959924986744109,-0.0
315,1.4957803975138388,-0.0
316,1.495569036322415,-0.0
317,1.495358425690397,-0.0
318,1.4951485756684402,-0.0
319,1.4949394957858706,-0.0
320,1.4947311950683595,-0.0
321,1.4945236820550152,-0.0
322,1.4943169648149146,-0.0
323,1.4941110509630942,-0.0
324,1.4939059476760148,-0.0
325,1.4937016617065229,-0.0
326,1.4934981993983238,-0.0
327,1.4932955666999814,-0.0
328,1.4930937691784623,-0.0
329,1.4928928120322391,-0.0
330,1.4926927001039698,-0.0
331,1.4924934378927637,-0.0
332,1.4922950295660482,-0.0
333,1.492097478971055,-0.0
334,1.4919007896459309,-0.0
335,1.4917049648304925,-0.0
336,1.49151000747663,-0.0
337,1.4913159202583786,-0.0
338,1.4911227055816623,-0.0
339,1.490930365593726,-0.0
340,1.490738902192263,-0.0
341,1.4905483170342482,-0.0
342,1.4903586115444876,-0.0
343,1.4901697869238948,-0.0
344,1.4899818441574986,-0.0
345,1.4897947840221968,-0.0
346,1.4896086070942594,-0.0
347,1.4894233137565906,-0.0
348,1.489238904205762,-0.0
349,1.4890553784588152,-0.0
350,1.4888727363598502,-0.0
351,1.4886909775864023,-0.0
352,1.4885101016556141,-0.0
353,1.4883301079302111,-0.0
354,1.4881509956242858,-0.0
355,1.4879727638088958,-0.0
356,1.4877954114174852,-0.0
357,1.487618937251131,-0.0
358,1.4874433399836218,-0.0
359,1.4872686181663748,-0.0
360,1.4870947702331963,-0.0
361,1.4869217945048874,-0.0
362,1.4867496891937053,-0.0
363,1.486578452407681,-0.0
364,1.4864080821547971,-0.0
365,1.4862385763470352,-0.0
366,1.4860699328042906,-0.0
367,1.4859021492581637,-0.0
368,1.485735223355629,-0.0
369,1.4855691526625863,-0.0
370,1.4854039346672991,-0.0
371,1.4852395667837217,-0.0
372,1.4850760463547181,-0.0
373,1.4849133706551816,-0.0
374,1.4847515368950492,-0.0
375,1.4845905422222223,-0.0
376,1.4844303837253914,-0.0
377,1.48427105843677,-0.0
378,1.4841125633347423,-0.0
379,1.4839548953464214,-0.0
380,1.4837980513501279,-0.0
381,1.483642028177787,-0.0
382,1.483486822617247,-0.0
383,1.4833324314145246,-0.0
384,1.483178851275974,-0.0
385,1.4830260788703886,-0.0
386,1.4828741108310313,-0.0
387,1.4827229437576002,-0.0
388,1.482572574218128,-0.0
389,1.4824229987508217,-0.0
390,1.482274213865839,-0.0
391,1.4821262160470072,-0.0
392,1.4819790017534864,-0.0
393,1.4818325674213755,-0.0
394,1.481686909465266,-0.0
395,1.4815420242797444,-0.0
396,1.4813979082408433,-0.0
397,1.4812545577074454,-0.0
398,1.4811119690226389,-0.0
399,1.4809701385150282,-0.0
400,1.4808290625,-0.0
401,1.480688737280946,-0.0
402,1.4805491591504458,-0.0
403,1.4804103243914066,-0.0
404,1.4802722292781672,-0.0
405,1.4801348700775607,-0.0
406,1.4799982430499439,-0.0
407,1.4798623444501877,-0.0
408,1.4797271705286363,-0.0
409,1.4795927175320298,-0.0
410,1.4794589817043975,-0.0
411,1.4793259592879169,-0.0
412,1.4791936465237443,-0.0
413,1.479062039652815,-0.0
414,1.4789311349166145,-0.0
415,1.4788009285579236,-0.0
416,1.4786714168215347,-0.0
417,1.478542595954942,-0.0
418,1.4784144622090096,-0.0
419,1.4782870118386102,-0.0
420,1.4781602411032442,-0.0
421,1.478034146267633,-0.0
422,1.4779087236022928,-0.0
423,1.4777839693840835,-0.0
424,1.4776598798967389,-0.0
425,1.4775364514313767,-0.0
426,1.4774136802869866,-0.0
427,1.4772915627709022,-0.0
428,1.4771700951992524,-0.0
429,1.477049273897395,-0.0
430,1.4769290952003349,-0.0
431,1.476809555453122,-0.0
432,1.4766906510112365,-0.0
433,1.4765723782409554,-0.0
434,1.4764547335197058,-0.0
435,1.476337713236402,-0.0
436,1.4762213137917688,-0.0
437,1.4761055315986509,-0.0
438,1.4759903630823084,-0.0
439,1.4758758046806997,-0.0
440,1.4757618528447511,-0.0
441,1.4756485040386156,-0.0
442,1.4755357547399175,-0.0
443,1.4754236014399869,-0.0
444,1.4753120406440832,-0.0
445,1.4752010688716077,-0.0
446,1.4750906826563044,-0.0
447,1.474980878546453,-0.0
448,1.4748716531050499,-0.0
449,1.4747630029099807,-0.0
450,1.4746549245541838,-0.0
451,1.4745474146458044,-0.0
452,1.47444046980834,-0.0
453,1.474334086680778,-0.0
454,1.4742282619177243,-0.0
455,1.4741229921895254,-0.0
456,1.4740182741823822,-0.0
457,1.4739141045984558,-0.0
458,1.4738104801559673,-0.0
459,1.4737073975892905,-0.0
460,1.4736048536490365,-0.0
461,1.4735028451021357,-0.0
462,1.4734013687319083,-0.0
463,1.4733004213381335,-0.0
464,1.4731999997371095,-0.0
465,1.4731001007617106,-0.0
466,1.4730007212614362,-0.0
467,1.4729018581024573,-0.0
468,1.4728035081676556,-0.0
469,1.4727056683566586,-0.0
470,1.4726083355858715,-0.0
471,1.4725115067885002,-0.0
472,1.4724151789145756,-0.0
473,1.4723193489309692,-0.0
474,1.4722240138214062,-0.0
475,1.472129170586475,-0.0
476,1.4720348162436319,-0.0
477,1.4719409478272032,-0.0
478,1.4718475623883824,-0.0
479,1.4717546569952247,-0.0
480,1.471662228732639,-0.0
481,1.471570274702375,-0.0
482,1.4714787920230077,-0.0
483,1.4713877778299203,-0.0
484,1.4712972292752826,-0.0
485,1.4712071435280267,-0.0
486,1.4711175177738214,-0.0
487,1.471028349215042,-0.0
488,1.4709396350707409,-0.0
489,1.4708513725766106,-0.0
490,1.4707635589849504,-0.0
491,1.470676191564626,-0.0
492,1.4705892676010306,-0.0
493,1.4705027843960408,-0.0
494,1.4704167392679732,-0.0
495,1.4703311295515376,-0.0
496,1.470245952597789,-0.0
497,1.4701612057740772,-0.0
498,1.4700768864639964,-0.0
499,1.4699929920673305,-0.0
500,1.46990952,-0.0
501,1.469826467694005,-0.0
502,1.4697438325973669,-0.0
503,1.469661612174072,-0.0
504,1.4695798039040089,-0.0
505,1.4694984052829088,-0.0
506,1.4694174138222817,-0.0
507,1.4693368270493545,-0.0
508,1.4692566425070044,-0.0
509,1.469176857753695,-0.0
510,1.4690974703634085,-0.0
511,1.4690184779255786,-0.0
512,1.4689398780450227,-0.0
513,1.4688616683418716,-0.0
514,1.4687838464515006,-0.0
515,1.4687064100244582,-0.0
516,1.4686293567263948,-0.0
517,1.4685526842379912,-0.0
518,1.4684763902548845,-0.0
519,1.4684004724875974,-0.0
520,1.4683249286614617,-0.0
521,1.4682497565165455,-0.0
522,1.4681749538075788,-0.0
523,1.4681005183038776,-0.0
524,1.468026447789268,-0.0
525,1.4679527400620114,-0.0
526,1.4678793929347271,-0.0
527,1.4678064042343162,-0.0
528,1.4677337718018846,-0.0
529,1.4676614934926655,-0.0
530,1.467589567175943,-0.0
531,1.4675179907349725,-0.0
532,1.4674467620669052,-0.0
533,1.4673758790827078,-0.0
534,1.4673053397070865,-0.0
535,1.4672351418784073,-0.0
536,1.4671652835486175,-0.0
537,1.4670957626831687,-0.0
538,1.4670265772609363,-0.0
539,1.4669577252741421,-0.0
540,1.4668892047282767,-0.0
541,1.466821013642018,-0.0
542,1.4667531500471553,-0.0
543,1.4666856119885094,-0.0
544,1.4666183975238545,-0.0
545,1.4665515047238395,-0.0
546,1.46648493167191,-0.0
547,1.466418676464229,-0.0
548,1.4663527372096001,-0.0
549,1.466287112029388,-0.0
550,1.4662217990574415,-0.0
551,1.466156796440015,-0.0
552,1.4660921023356914,-0.0
553,1.466027714915304,-0.0
554,1.4659636323618597,-0.0
555,1.465899852870461,-0.0
556,1.4658363746482292,-0.0
557,1.4657731959142295,-0.0
558,1.4657103148993909,-0.0
559,1.4656477298464328,-0.0
560,1.4655854390097878,-0.0
561,1.465523440655525,-0.0
562,1.4654617330612767,-0.0
563,1.46540031451616,-0.0
564,1.4653391833207041,-0.0
565,1.4652783377867737,-0.0
566,1.4652177762374958,-0.0
567,1.4651574970071848,-0.0
568,1.4650974984412681,-0.0
569,1.465037778896213,-0.0
570,1.4649783367394529,-0.0
571,1.464919170349314,-0.0
572,1.4648602781149433,-0.0
573,1.4648016584362356,-0.0
574,1.46474330972376,-0.0
575,1.4646852303986908,-0.0
576,1.4646274188927335,-0.0
577,1.4645698736480552,-0.0
578,1.4645125931172125,-0.0
579,1.4644555757630817,-0.0
580,1.4643988200587887,-0.0
581,1.4643423244876383,-0.0
582,1.4642860875430457,-0.0
583,1.4642301077284672,-0.0
584,1.4641743835573302,-0.0
585,1.4641189135529669,-0.0
586,1.4640636962485438,-0.0
587,1.464008730186996,-0.0
588,1.4639540139209586,-0.0
589,1.4638995460127004,-0.0
590,1.4638453250340566,-0.0
591,1.4637913495663633,-0.0
592,1.4637376182003907,-0.0
593,1.463684129536279,-0.0
594,1.463630882183471,-0.0
595,1.4635778747606496,-0.0
596,1.4635251058956724,-0.0
597,1.463472574225507,-0.0
598,1.4634202783961687,-0.0
599,1.4633682170626563,-0.0
600,1.463316388888889,-0.0
601,1.4632647925476447,-0.0
602,1.463213426720498,-0.0
603,1.463162290097756,-0.0
604,1.4631113813784007,-0.0
605,1.4630606992700248,-0.0
606,1.4630102424887723,-0.0
607,1.462960009759279,-0.0
608,1.4629099998146105,-0.0
609,1.4628602113962048,-0.0
610,1.462810643253812,-0.0
611,1.4627612941454353,-0.0
612,1.4627121628372741,-0.0
613,1.462663248103664,-0.0
614,1.4626145487270208,-0.0
615,1.462566063497782,-0.0
616,1.4625177912143505,-0.0
617,1.4624697306830383,-0.0
618,1.4624218807180096,-0.0
619,1.4623742401412259,-0.0
620,1.4623268077823894,-0.0
621,1.4622795824788895,-0.0
622,1.4622325630757462,-0.0
623,1.4621857484255578,-0.0
624,1.4621391373884456,-0.0
625,1.462092728832,-0.0
626,1.462046521631229,-0.0
627,1.4620005146685038,-0.0
628,1.4619547068335064,-0.0
629,1.461909097023178,-0.0
630,1.4618636841416672,-0.0
631,1.461818467100278,-0.0
632,1.461773444817419,-0.0
633,1.4617286162185532,-0.0
634,1.4616839802361468,-0.0
635,1.461639535809619,-0.0
636,1.461595281885294,-0.0
637,1.4615512174163492,-0.0
638,1.461507341362768,-0.0
639,1.4614636526912907,-0.0
640,1.4614201503753663,-0.0
641,1.4613768333951036,-0.0
642,1.4613337007372253,-0.0
643,1.4612907513950188,-0.0
644,1.4612479843682908,-0.0
645,1.4612053986633198,-0.0
646,1.4611629932928096,-0.0
647,1.461120767275845,-0.0
648,1.4610787196378443,-0.0
649,1.4610368494105141,-0.0
650,1.4609951556318057,-0.0
651,1.4609536373458696,-0.0
652,1.4609122936030103,-0.0
653,1.4608711234596448,-0.0
654,1.4608301259782557,-0.0
655,1.4607893002273507,-0.0
656,1.4607486452814171,-0.0
657,1.4607081602208816,-0.0
658,1.460667844132065,-0.0
659,1.460627696107143,-0.0
660,1.4605877152441016,-0.0
661,1.4605479006466977,-0.0
662,1.4605082514244174,-0.0
663,1.4604687666924336,-0.0
664,1.460429445571568,-0.0
665,1.4603902871882486,-0.0
666,1.4603512906744702,-0.0
667,1.460312455167756,-0.0
668,1.460273779811116,-0.0
669,1.4602352637530094,-0.0
670,1.4601969061473057,-0.0
671,1.4601587061532453,-0.0
672,1.4601206629354018,-0.0
673,1.4600827756636439,-0.0
674,1.4600450435130978,-0.0
675,1.4600074656641095,-0.0
676,1.459970041302208,-0.0
677,1.4599327696180686,-0.0
678,1.4598956498074747,-0.0
679,1.459858681071284,-0.0
680,1.4598218626153903,-0.0
681,1.4597851936506892,-0.0
682,1.4597486733930412,-0.0
683,1.459712301063238,-0.0
684,1.4596760758869662,-0.0
685,1.4596399970947727,-0.0
686,1.4596040639220316,-0.0
687,1.459568275608908,-0.0
688,1.459532631400325,-0.0
689,1.459497130545931,-0.0
690,1.4594617723000642,-0.0
691,1.4594265559217208,-0.0
692,1.4593914806745216,-0.0
693,1.4593565458266797,-0.0
694,1.4593217506509677,-0.0
695,1.4592870944246845,-0.0
696,1.459252576429626,-0.0
697,1.4592181959520503,-0.0
698,1.4591839522826486,-0.0
699,1.4591498447165123,-0.0
700,1.459115872553103,-0.0
701,1.459082035096221,-0.0
702,1.4590483316539753,-0.0
703,1.459014761538753,-0.0
704,1.4589813240671898,-0.0
705,1.4589480185601387,-0.0
706,1.4589148443426418,-0.0
707,1.4588818007439,-0.0
708,1.4588488870972447,-0.0
709,1.4588161027401079,-0.0
710,1.4587834470139935,-0.0
711,1.4587509192644494,-0.0
712,1.458718518841039,-0.0
713,1.4586862450973126,-0.0
714,1.4586540973907798,-0.0
715,1.4586220750828818,-0.0
716,1.4585901775389642,-0.0
717,1.4585584041282496,-0.0
718,1.4585267542238094,-0.0
719,1.4584952272025393,-0.0
720,1.4584638224451303,-0.0
721,1.4584325393360438,-0.0
722,1.4584013772634838,-0.0
723,1.458370335619373,-0.0
724,1.458339413799325,-0.0
725,1.4583086112026196,-0.0
726,1.458277927232177,-0.0
727,1.4582473612945328,-0.0
728,1.4582169127998121,-0.0
729,1.4581865811617056,-0.0
730,1.4581563657974452,-0.0
731,1.4581262661277772,-0.0
732,1.4580962815769412,-0.0
733,1.458066411572643,-0.0
734,1.4580366555460325,-0.0
735,1.4580070129316791,-0.0
736,1.4579774831675483,-0.0
737,1.4579480656949781,-0.0
738,1.457918759958657,-0.0
739,1.4578895654065975,-0.0
740,1.4578604814901175,-0.0
741,1.457831507663815,-0.0
742,1.4578026433855455,-0.0
743,1.4577738881164015,-0.0
744,1.457745241320687,-0.0
745,1.4577167024658995,-0.0
746,1.4576882710227042,-0.0
747,1.4576599464649154,-0.0
748,1.4576317282694726,-0.0
749,1.4576036159164212,-0.0
750,1.457575608888889,-0.0
751,1.457547706673067,-0.0
752,1.4575199087581878,-0.0
753,1.4574922146365044,-0.0
754,1.4574646238032702,-0.0
755,1.4574371357567184,-0.0
756,1.4574097499980412,-0.0
757,1.4573824660313703,-0.0
758,1.4573552833637573,-0.0
759,1.4573282015051523,-0.0
760,1.457301219968386,-0.0
761,1.457274338269148,-0.0
762,1.45724755592597,-0.0
763,1.457220872460205,-0.0
764,1.4571942873960073,-0.0
765,1.457167800260316,-0.0
766,1.457141410582834,-0.0
767,1.4571151178960107,-0.0
768,1.4570889217350218,-0.0
769,1.4570628216377535,-0.0
770,1.4570368171447814,-0.0
771,1.457010907799354,-0.0
772,1.456985093147375,-0.0
773,1.4569593727373837,-0.0
774,1.4569337461205392,-0.0
775,1.4569082128506012,-0.0
776,1.4568827724839142,-0.0
777,1.4568574245793886,-0.0
778,1.4568321686984842,-0.0
779,1.4568070044051933,-0.0
780,1.4567819312660233,-0.0
781,1.4567569488499803,-0.0
782,1.4567320567285513,-0.0
783,1.45670725447569,-0.0
784,1.456682541667798,-0.0
785,1.4566579178837087,-0.0
786,1.4566333827046727,-0.0
787,1.4566089357143406,-0.0
788,1.4565845764987464,-0.0
789,1.456560304646293,-0.0
790,1.4565361197477356,-0.0
791,1.4565120213961666,-0.0
792,1.4564880091869994,-0.0
793,1.456464082717954,-0.0
794,1.4564402415890405,-0.0
795,1.4564164854025445,-0.0
796,1.4563928137630135,-0.0
797,1.456369226277239,-0.0
798,1.456345722554244,-0.0
799,1.4563223022052676,-0.0
800,1.45629896484375,-0.0
801,1.4562757100853188,-0.0
802,1.456252537547774,-0.0
803,1.4562294468510733,-0.0
804,1.4562064376173196,-0.0
805,1.4561835094707447,-0.0
806,1.4561606620376966,-0.0
807,1.4561378949466262,-0.0
808,1.456115207828072,-0.0
809,1.4560926003146475,-0.0
810,1.4560700720410273,-0.0
811,1.4560476226439336,-0.0
812,1.4560252517621228,-0.0
813,1.4560029590363728,-0.0
814,1.4559807441094685,-0.0
815,1.45595860662619,-0.0
816,1.4559365462332994,-0.0
817,1.4559145625795271,-0.0
818,1.4558926553155602,-0.0
819,1.4558708240940288,-0.0
820,1.4558490685694934,-0.0
821,1.4558273883984336,-0.0
822,1.4558057832392342,-0.0
823,1.4557842527521734,-0.0
824,1.4557627965994109,-0.0
825,1.4557414144449758,-0.0
826,1.4557201059547533,-0.0
827,1.4556988707964746,-0.0
828,1.455677708639703,-0.0
829,1.4556566191558238,-0.0
830,1.4556356020180319,-0.0
831,1.4556146569013197,-0.0
832,1.4555937834824666,-0.0
833,1.455572981440026,-0.0
834,1.4555522504543161,-0.0
835,1.4555315902074062,-0.0
836,1.4555110003831069,-0.0
837,1.4554904806669589,-0.0
838,1.4554700307462216,-0.0
839,1.4554496503098622,-0.0
840,1.4554293390485447,-0.0
841,1.4554090966546191,-0.0
842,1.4553889228221115,-0.0
843,1.4553688172467116,-0.0
844,1.4553487796257634,-0.0
845,1.4553288096582548,-0.0
846,1.4553089070448073,-0.0
847,1.4552890714876636,-0.0
848,1.4552693026906807,-0.0
849,1.4552496003593158,-0.0
850,1.4552299642006203,-0.0
851,1.4552103939232262,-0.0
852,1.4551908892373375,-0.0
853,1.4551714498547217,-0.0
854,1.4551520754886962,-0.0
855,1.455132765854123,-0.0
856,1.455113520667396,-0.0
857,1.4550943396464315,-0.0
858,1.4550752225106605,-0.0
859,1.4550561689810164,-0.0
860,1.4550371787799292,-0.0
861,1.455018251631312,-0.0
862,1.454999387260555,-0.0
863,1.4549805853945148,-0.0
864,1.4549618457615048,-0.0
865,1.4549431680912872,-0.0
866,1.4549245521150636,-0.0
867,1.4549059975654655,-0.0
868,1.4548875041765452,-0.0
869,1.454869071683769,-0.0
870,1.4548506998240054,-0.0
871,1.4548323883355183,-0.0
872,1.4548141369579581,-0.0
873,1.454795945432353,-0.0
874,1.4547778135010994,-0.0
875,1.4547597409079551,-0.0
876,1.4547417273980299,-0.0
877,1.4547237727177775,-0.0
878,1.4547058766149867,-0.0
879,1.4546880388387735,-0.0
880,1.454670259139574,-0.0
881,1.4546525372691335,-0.0
882,1.4546348729805014,-0.0
883,1.4546172660280214,-0.0
884,1.4545997161673239,-0.0
885,1.4545822231553187,-0.0
886,1.454564786750186,-0.0
887,1.4545474067113695,-0.0
888,1.4545300827995686,-0.0
889,1.4545128147767301,-0.0
890,1.4544956024060411,-0.0
891,1.454478445451921,-0.0
892,1.454461343680015,-0.0
893,1.4544442968571847,-0.0
894,1.4544273047515028,-0.0
895,1.454410367132244,-0.0
896,1.4543934837698789,-0.0
897,1.4543766544360657,-0.0
898,1.4543598789036436,-0.0
899,1.454343156946626,-0.0
900,1.454326488340192,-0.0
901,1.4543098728606814,-0.0
902,1.4542933102855848,-0.0
903,1.4542768003935398,-0.0
904,1.4542603429643215,-0.0
905,1.454243937778837,-0.0
906,1.4542275846191188,-0.0
907,1.4542112832683163,-0.0
908,1.4541950335106912,-0.0
909,1.454178835131609,-0.0
910,1.4541626879175331,-0.0
911,1.4541465916560192,-0.0
912,1.4541305461357066,-0.0
913,1.4541145511463134,-0.0
914,1.454098606478629,-0.0
915,1.454082711924509,-0.0
916,1.4540668672768675,-0.0
917,1.4540510723296702,-0.0
918,1.4540353268779307,-0.0
919,1.454019630717702,-0.0
920,1.4540039836460705,-0.0
921,1.4539883854611508,-0.0
922,1.4539728359620787,-0.0
923,1.4539573349490058,-0.0
924,1.4539418822230932,-0.0
925,1.453926477586504,-0.0
926,1.4539111208424012,-0.0
927,1.4538958117949368,-0.0
928,1.4538805502492502,-0.0
929,1.4538653360114597,-0.0
930,1.453850168888658,-0.0
931,1.4538350486889056,-0.0
932,1.453819975221226,-0.0
933,1.453804948295599,-0.0
934,1.4537899677229555,-0.0
935,1.453775033315173,-0.0
936,1.4537601448850677,-0.0
937,1.4537453022463906,-0.0
938,1.4537305052138219,-0.0
939,1.453715753602965,-0.0
940,1.4537010472303415,-0.0
941,1.4536863859133857,-0.0
942,1.4536717694704395,-0.0
943,1.4536571977207458,-0.0
944,1.453642670484445,-0.0
945,1.453628187582569,-0.0
946,1.4536137488370353,-0.0
947,1.4535993540706436,-0.0
948,1.453585003107068,-0.0
949,1.4535706957708554,-0.0
950,1.4535564318874166,-0.0
951,1.4535422112830239,-0.0
952,1.4535280337848056,-0.0
953,1.4535138992207401,-0.0
954,1.453499807419652,-0.0
955,1.453485758211207,-0.0
956,1.4534717514259061,-0.0
957,1.4534577868950822,-0.0
958,1.4534438644508942,-0.0
959,1.4534299839263227,-0.0
960,1.453416145155165,-0.0
961,1.453402347972031,-0.0
962,1.453388592212337,-0.0
963,1.4533748777123037,-0.0
964,1.4533612043089483,-0.0
965,1.4533475718400826,-0.0
966,1.4533339801443073,-0.0
967,1.4533204290610071,-0.0
968,1.4533069184303473,-0.0
969,1.4532934480932682,-0.0
970,1.4532800178914818,-0.0
971,1.4532666276674657,-0.0
972,1.453253277264461,-0.0
973,1.4532399665264657,-0.0
974,1.4532266952982322,-0.0
975,1.4532134634252614,-0.0
976,1.4532002707538,-0.0
977,1.4531871171308348,-0.0
978,1.4531740024040893,-0.0
979,1.45316092642202,-0.0
980,1.4531478890338108,-0.0
981,1.4531348900893697,-0.0
982,1.4531219294393254,-0.0
983,1.4531090069350219,-0.0
984,1.4530961224285148,-0.0
985,1.4530832757725685,-0.0
986,1.4530704668206498,-0.0
987,1.4530576954269265,-0.0
988,1.4530449614462617,-0.0
989,1.453032264734211,-0.0
990,1.453019605147017,-0.0
991,1.4530069825416077,-0.0
992,1.4529943967755903,-0.0
993,1.4529818477072494,-0.0
994,1.452969335195542,-0.0
995,1.4529568591000934,-0.0
996,1.4529444192811956,-0.0
997,1.4529320155998,-0.0
998,1.452919647917518,-0.0
999,1.452907316096613,-0.0
1000,1.45289502,-0.0
1001,1.4528827594912408,-0.0
1002,1.45287053443454,-0.0
1003,1.4528583446947414,-0.0
1004,1.452846190137326,-0.0
1005,1.452834070628406,-0.0
1006,1.4528219860347236,-0.0
1007,1.4528099362236457,-0.0
1008,1.4527979210631616,-0.0
1009,1.4527859404218793,-0.0
1010,1.4527739941690212,-0.0
1011,1.4527620821744223,-0.0
1012,1.4527502043085254,-0.0
1013,1.4527383604423785,-0.0
1014,1.4527265504476312,-0.0
1015,1.4527147741965307,-0.0
1016,1.4527030315619207,-0.0
1017,1.452691322417235,-0.0
1018,1.4526796466364973,-0.0
1019,1.4526680040943152,-0.0
1020,1.452656394665879,-0.0
1021,1.4526448182269585,-0.0
1022,1.4526332746538972,-0.0
1023,1.4526217638236132,-0.0
1024,1.4526102856135927,-0.0
1025,1.4525988399018885,-0.0
1026,1.4525874265671161,-0.0
1027,1.452576045488452,-0.0
1028,1.4525646965456283,-0.0
1029,1.4525533796189325,-0.0
1030,1.452542094589202,-0.0
1031,1.4525308413378226,-0.0
1032,1.4525196197467247,-0.0
1033,1.4525084296983815,-0.0
1034,1.452497271075804,-0.0
1035,1.4524861437625403,-0.0
1036,1.4524750476426709,-0.0
1037,1.4524639826008074,-0.0
1038,1.4524529485220885,-0.0
1039,1.452441945292177,-0.0
1040,1.4524309727972586,-0.0
1041,1.4524200309240367,-0.0
1042,1.4524091195597313,-0.0
1043,1.4523982385920757,-0.0
1044,1.452387387909314,-0.0
1045,1.452376567400198,-0.0
1046,1.4523657769539842,-0.0
1047,1.452355016460432,-0.0
1048,1.4523442858098,-0.0
1049,1.4523335848928443,-0.0
1050,1.4523229136008144,-0.0
1051,1.4523122718254529,-0.0
1052,1.4523016594589901,-0.0
1053,1.4522910763941432,-0.0
1054,1.4522805225241135,-0.0
1055,1.452269997742583,-0.0
1056,1.452259501943713,-0.0
1057,1.4522490350221398,-0.0
1058,1.4522385968729745,-0.0
1059,1.4522281873917988,-0.0
1060,1.4522178064746623,-0.0
1061,1.4522074540180818,-0.0
1062,1.4521971299190366,-0.0
1063,1.4521868340749677,-0.0
1064,1.452176566383775,-0.0
1065,1.4521663267438136,-0.0
1066,1.4521561150538933,-0.0
1067,1.4521459312132752,-0.0
1068,1.452135775121669,-0.0
1069,1.4521256466792316,-0.0
1070,1.4521155457865638,-0.0
1071,1.4521054723447084,-0.0
1072,1.452095426255148,-0.0
1073,1.4520854074198022,-0.0
1074,1.452075415741026,-0.0
1075,1.452065451121607,-0.0
1076,1.4520555134647624,-0.0
1077,1.452045602674139,-0.0
1078,1.4520357186538086,-0.0
1079,1.4520258613082666,-0.0
1080,1.452016030542431,-0.0
1081,1.4520062262616376,-0.0
1082,1.45199644837164,-0.0
1083,1.451986696778607,-0.0
1084,1.4519769713891195,-0.0
1085,1.4519672721101693,-0.0
1086,1.4519575988491566,-0.0
1087,1.4519479515138882,-0.0
1088,1.4519383300125746,-0.0
1089,1.4519287342538283,-0.0
1090,1.4519191641466627,-0.0
1091,1.451909619600488,-0.0
1092,1.4519001005251109,-0.0
1093,1.4518906068307322,-0.0
1094,1.4518811384279438,-0.0
1095,1.4518716952277277,-0.0
1096,1.4518622771414533,-0.0
1097,1.4518528840808764,-0.0
1098,1.451843515958136,-0.0
1099,1.4518341726857527,-0.0
1100,1.4518248541766274,-0.0
1101,1.4518155603440386,-0.0
1102,1.4518062911016403,-0.0
1103,1.4517970463634613,-0.0
1104,1.4517878260439014,-0.0
1105,1.4517786300577313,-0.0
1106,1.4517694583200902,-0.0
1107,1.451760310746482,-0.0
1108,1.451751187252777,-0.0
1109,1.451742087755207,-0.0
1110,1.4517330121703644,-0.0
1111,1.4517239604152012,-0.0
1112,1.4517149324070262,-0.0
1113,1.4517059280635032,-0.0
1114,1.4516969473026493,-0.0
1115,1.4516879900428337,-0.0
1116,1.4516790562027753,-0.0
1117,1.4516701457015406,-0.0
1118,1.451661258458543,-0.0
1119,1.4516523943935402,-0.0
1120,1.4516435534266323,-0.0
1121,1.451634735478261,-0.0
1122,1.451625940469207,-0.0
1123,1.4516171683205885,-0.0
1124,1.4516084189538598,-0.0
1125,1.4515996922908094,-0.0
1126,1.451590988253558,-0.0
1127,1.4515823067645577,-0.0
1128,1.4515736477465888,-0.0
1129,1.4515650111227603,-0.0
1130,1.4515563968165055,-0.0
1131,1.4515478047515833,-0.0
1132,1.4515392348520748,-0.0
1133,1.4515306870423814,-0.0
1134,1.4515221612472244,-0.0
1135,1.4515136573916432,-0.0
1136,1.4515051754009924,-0.0
1137,1.4514967152009417,-0.0
1138,1.451488276717474,-0.0
1139,1.451479859876883,-0.0
1140,1.4514714646057727,-0.0
1141,1.4514630908310555,-0.0
1142,1.4514547384799499,-0.0
1143,1.4514464074799804,-0.0
1144,1.4514380977589751,-0.0
1145,1.451429809245064,-0.0
1146,1.4514215418666778,-0.0
1147,1.4514132955525467,-0.0
1148,1.4514050702316987,-0.0
1149,1.4513968658334573,-0.0
1150,1.451388682287442,-0.0
1151,1.4513805195235643,-0.0
1152,1.4513723774720286,-0.0
1153,1.4513642560633293,-0.0
1154,1.4513561552282495,-0.0
1155,1.4513480748978607,-0.0
1156,1.4513400150035192,-0.0
1157,1.4513319754768677,-0.0
1158,1.4513239562498306,-0.0
1159,1.4513159572546155,-0.0
1160,1.45130797842371,-0.0
1161,1.4513000196898806,-0.0
1162,1.4512920809861722,-0.0
1163,1.4512841622459054,-0.0
1164,1.4512762634026766,-0.0
1165,1.451268384390355,-0.0
1166,1.4512605251430837,-0.0
1167,1.4512526855952752,-0.0
1168,1.4512448656816126,-0.0
1169,1.4512370653370472,-0.0
1170,1.4512292844967976,-0.0
1171,1.4512215230963477,-0.0
1172,1.4512137810714463,-0.0
1173,1.451206058358105,-0.0
1174,1.4511983548925984,-0.0
1175,1.4511906706114601,-0.0
1176,1.4511830054514845,-0.0
1177,1.451175359349723,-0.0
1178,1.451167732243485,-0.0
1179,1.4511601240703345,-0.0
1180,1.4511525347680903,-0.0
1181,1.4511449642748244,-0.0
1182,1.451137412528861,-0.0
1183,1.4511298794687741,-0.0
1184,1.4511223650333882,-0.0
1185,1.4511148691617757,-0.0
1186,1.4511073917932555,-0.0
1187,1.4510999328673932,-0.0
1188,1.451092492323999,-0.0
1189,1.4510850701031264,-0.0
1190,1.4510776661450708,-0.0
1191,1.4510702803903701,-0.0
1192,1.4510629127798012,-0.0
1193,1.4510555632543798,-0.0
1194,1.4510482317553601,-0.0
1195,1.4510409182242325,-0.0
1196,1.4510336226027227,-0.0
1197,1.4510263448327905,-0.0
1198,1.45101908485663,-0.0
1199,1.4510118426166663,-0.0
1200,1.4510046180555556,-0.0
1201,1.450997411116185,-0.0
1202,1.450990221741669,-0.0
1203,1.4509830498753513,-0.0
1204,1.4509758954608007,-0.0
1205,1.4509687584418125,-0.0
1206,1.4509616387624062,-0.0
1207,1.4509545363668246,-0.0
1208,1.4509474511995335,-0.0
1209,1.4509403832052188,-0.0
1210,1.4509333323287876,-0.0
1211,1.450926298515366,-0.0
1212,1.4509192817102978,-0.0
1213,1.450912281859145,-0.0
1214,1.4509052989076843,-0.0
1215,1.4508983328019083,-0.0
1216,1.4508913834880237,-0.0
1217,1.45088445091245,-0.0
1218,1.450877535021819,-0.0
1219,1.4508706357629735,-0.0
1220,1.4508637530829656,-0.0
1221,1.4508568869290577,-0.0
1222,1.4508500372487196,-0.0
1223,1.4508432039896286,-0.0
1224,1.4508363870996672,-0.0
1225,1.4508295865269245,-0.0
1226,1.4508228022196925,-0.0
1227,1.4508160341264673,-0.0
1228,1.450809282195947,-0.0
1229,1.4508025463770313,-0.0
1230,1.4507958266188197,-0.0
1231,1.4507891228706118,-0.0
1232,1.4507824350819056,-0.0
1233,1.4507757632023965,-0.0
1234,1.4507691071819773,-0.0
1235,1.4507624669707355,-0.0
1236,1.4507558425189544,-0.0
1237,1.4507492337771106,-0.0
1238,1.4507426406958748,-0.0
1239,1.4507360632261086,-0.0
1240,1.4507295013188655,-0.0
1241,1.45072295492539,-0.0
1242,1.4507164239971149,-0.0
1243,1.4507099084856625,-0.0
1244,1.4507034083428425,-0.0
1245,1.4506969235206522,-0.0
1246,1.4506904539712737,-0.0
1247,1.4506839996470753,-0.0
1248,1.4506775605006095,-0.0
1249,1.4506711364846114,-0.0
1250,1.4506647275520002,-0.0
1251,1.4506583336558756,-0.0
1252,1.4506519547495191,-0.0
1253,1.4506455907863918,-0.0
1254,1.4506392417201344,-0.0
1255,1.4506329075045659,-0.0
1256,1.450626588093683,-0.0
1257,1.4506202834416597,-0.0
1258,1.4506139935028455,-0.0
1259,1.4506077182317647,-0.0
1260,1.4506014575831174,-0.0
1261,1.450595211511776,-0.0
1262,1.4505889799727865,-0.0
1263,1.4505827629213666,-0.0
1264,1.4505765603129057,-0.0
1265,1.4505703721029632,-0.0
1266,1.4505641982472686,-0.0
1267,1.4505580387017198,-0.0
1268,1.4505518934223833,-0.0
1269,1.4505457623654936,-0.0
1270,1.4505396454874504,-0.0
1271,1.4505335427448203,-0.0
1272,1.450527454094335,-0.0
1273,1.4505213794928906,-0.0
1274,1.4505153188975464,-0.0
1275,1.4505092722655246,-0.0
1276,1.4505032395542108,-0.0
1277,1.4504972207211506,-0.0
1278,1.4504912157240506,-0.0
1279,1.450485224520778,-0.0
1280,1.4504792470693588,-0.0
1281,1.4504732833279779,-0.0
1282,1.4504673332549773,-0.0
1283,1.450461396808857,-0.0
1284,1.4504554739482733,-0.0
1285,1.4504495646320377,-0.0
1286,1.4504436688191167,-0.0
1287,1.4504377864686318,-0.0
1288,1.450431917539858,-0.0
1289,1.4504260619922225,-0.0
1290,1.4504202197853058,-0.0
1291,1.4504143908788387,-0.0
1292,1.4504085752327047,-0.0
1293,1.4504027728069362,-0.0
1294,1.450396983561715,-0.0
1295,1.4503912074573728,-0.0
1296,1.4503854444543887,-0.0
1297,1.4503796945133898,-0.0
1298,1.4503739575951502,-0.0
1299,1.45036823366059,-0.0
1300,1.450362522670775,-0.0
1301,1.4503568245869156,-0.0
1302,1.4503511393703674,-0.0
1303,1.450345466982629,-0.0
1304,1.450339807385342,-0.0
1305,1.4503341605402909,-0.0
1306,1.4503285264094015,-0.0
1307,1.4503229049547415,-0.0
1308,1.4503172961385178,-0.0
1309,1.4503116999230785,-0.0
1310,1.4503061162709108,-0.0
1311,1.4503005451446398,-0.0
1312,1.4502949865070296,-0.0
1313,1.450289440320981,-0.0
1314,1.4502839065495323,-0.0
1315,1.4502783851558574,-0.0
1316,1.4502728761032666,-0.0
1317,1.450267379355205,-0.0
1318,1.4502618948752517,-0.0
1319,1.4502564226271202,-0.0
1320,1.4502509625746571,-0.0
1321,1.450245514681842,-0.0
1322,1.4502400789127865,-0.0
1323,1.450234655231733,-0.0
1324,1.4502292436030562,-0.0
1325,1.45022384399126,-0.0
1326,1.450218456360979,-0.0
1327,1.4502130806769769,-0.0
1328,1.4502077169041456,-0.0
1329,1.4502023650075058,-0.0
1330,1.4501970249522054,-0.0
1331,1.4501916967035193,-0.0
1332,1.4501863802268493,-0.0
1333,1.4501810754877227,-0.0
1334,1.4501757824517925,-0.0
1335,1.4501705010848365,-0.0
1336,1.4501652313527562,-0.0
1337,1.450159973221578,-0.0
1338,1.4501547266574504,-0.0
1339,1.4501494916266453,-0.0
1340,1.4501442680955567,-0.0
1341,1.4501390560307001,-0.0
1342,1.450133855398712,-0.0
1343,1.4501286661663497,-0.0
1344,1.4501234883004908,-0.0
1345,1.4501183217681317,-0.0
1346,1.4501131665363887,-0.0
1347,1.4501080225724958,-0.0
1348,1.450102889843806,-0.0
1349,1.450097768317789,-0.0
1350,1.4500926579620317,-0.0
1351,1.4500875587442377,-0.0
1352,1.4500824706322268,-0.0
1353,1.4500773935939335,-0.0
1354,1.4500723275974083,-0.0
1355,1.4500672726108157,-0.0
1356,1.450062228602434,-0.0
1357,1.4500571955406556,-0.0
1358,1.450052173393986,-0.0
1359,1.4500471621310425,-0.0
1360,1.4500421617205554,-0.0
1361,1.450037172131366,-0.0
1362,1.4500321933324274,-0.0
1363,1.4500272252928026,-0.0
1364,1.4500222679816652,-0.0
1365,1.450017321368299,-0.0
1366,1.450012385422096,-0.0
1367,1.4500074601125579,-0.0
1368,1.4500025454092944,-0.0
1369,1.4499976412820232,-0.0
1370,1.4499927477005694,-0.0
1371,1.4499878646348654,-0.0
1372,1.4499829920549492,-0.0
1373,1.4499781299309655,-0.0
1374,1.4499732782331654,-0.0
1375,1.4499684369319037,-0.0
1376,1.4499636059976408,-0.0
1377,1.4499587854009413,-0.0
1378,1.4499539751124735,-0.0
1379,1.4499491751030091,-0.0
1380,1.4499443853434233,-0.0
1381,1.4499396058046932,-0.0
1382,1.4499348364578983,-0.0
1383,1.4499300772742199,-0.0
1384,1.4499253282249402,-0.0
1385,1.449920589281443,-0.0
1386,1.4499158604152114,-0.0
1387,1.4499111415978296,-0.0
1388,1.4499064328009807,-0.0
1389,1.4499017339964473,-0.0
1390,1.4498970451561104,-0.0
1391,1.4498923662519498,-0.0
1392,1.449887697256043,-0.0
1393,1.4498830381405652,-0.0
1394,1.4498783888777882,-0.0
1395,1.449873749440081,-0.0
1396,1.4498691197999087,-0.0
1397,1.4498644999298327,-0.0
1398,1.4498598898025092,-0.0
1399,1.4498552893906902,-0.0
1400,1.4498506986672222,-0.0
1401,1.4498461176050454,-0.0
1402,1.4498415461771952,-0.0
1403,1.4498369843567995,-0.0
1404,1.4498324321170797,-0.0
1405,1.4498278894313503,-0.0
1406,1.4498233562730174,-0.0
1407,1.4498188326155799,-0.0
1408,1.449814318432628,-0.0
1409,1.449809813697843,-0.0
1410,1.4498053183849975,-0.0
1411,1.449800832467954,-0.0
1412,1.449796355920666,-0.0
1413,1.449791888717176,-0.0
1414,1.4497874308316159,-0.0
1415,1.4497829822382071,-0.0
1416,1.4497785429112595,-0.0
1417,1.449774112825171,-0.0
1418,1.4497696919544278,-0.0
1419,1.4497652802736036,-0.0
1420,1.4497608777573592,-0.0
1421,1.4497564843804418,-0.0
1422,1.449752100117686,-0.0
1423,1.4497477249440123,-0.0
1424,1.4497433588344264,-0.0
1425,1.4497390017640204,-0.0
1426,1.4497346537079705,-0.0
1427,1.4497303146415383,-0.0
1428,1.4497259845400698,-0.0
1429,1.4497216633789947,-0.0
1430,1.4497173511338264,-0.0
1431,1.4497130477801623,-0.0
1432,1.4497087532936823,-0.0
1433,1.4497044676501492,-0.0
1434,1.4497001908254077,-0.0
1435,1.4496959227953854,-0.0
1436,1.449691663536091,-0.0
1437,1.4496874130236146,-0.0
1438,1.4496831712341276,-0.0
1439,1.4496789381438817,-0.0
1440,1.4496747137292096,-0.0
1441,1.4496704979665236,-0.0
1442,1.4496662908323157,-0.0
1443,1.4496620923031576,-0.0
1444,1.4496579023557,-0.0
1445,1.449653720966672,-0.0
1446,1.4496495481128822,-0.0
1447,1.449645383771216,-0.0
1448,1.4496412279186375,-0.0
1449,1.4496370805321883,-0.0
1450,1.4496329415889868,-0.0
1451,1.4496288110662283,-0.0
1452,1.4496246889411852,-0.0
1453,1.4496205751912061,-0.0
1454,1.449616469793715,-0.0
1455,1.449612372726212,-0.0
1456,1.4496082839662727,-0.0
1457,1.449604203491547,-0.0
1458,1.4496001312797608,-0.0
1459,1.4495960673087138,-0.0
1460,1.4495920115562793,-0.0
1461,1.4495879640004052,-0.0
1462,1.4495839246191136,-0.0
1463,1.4495798933904982,-0.0
1464,1.4495758702927273,-0.0
1465,1.4495718553040406,-0.0
1466,1.4495678484027514,-0.0
1467,1.4495638495672445,-0.0
1468,1.4495598587759766,-0.0
1469,1.4495558760074756,-0.0
1470,1.4495519012403417,-0.0
1471,1.4495479344532451,-0.0
1472,1.449543975624927,-0.0
1473,1.4495400247341996,-0.0
1474,1.4495360817599445,-0.0
1475,1.4495321466811133,-0.0
1476,1.4495282194767274,-0.0
1477,1.4495243001258775,-0.0
1478,1.4495203886077235,-0.0
1479,1.4495164849014939,-0.0
1480,1.4495125889864853,-0.0
1481,1.4495087008420633,-0.0
1482,1.449504820447661,-0.0
1483,1.4495009477827798,-0.0
1484,1.4494970828269873,-0.0
1485,1.4494932255599198,-0.0
1486,1.4494893759612792,-0.0
1487,1.4494855340108348,-0.0
1488,1.4494816996884223,-0.0
1489,1.4494778729739433,-0.0
1490,1.4494740538473645,-0.0
1491,1.44947024228872,-0.0
1492,1.449466438278108,-0.0
1493,1.4494626417956917,-0.0
1494,1.4494588528216996,-0.0
1495,1.4494550713364251,-0.0
1496,1.4494512973202252,-0.0
1497,1.4494475307535213,-0.0
1498,1.4494437716167985,-0.0
1499,1.449440019890606,-0.0
1500,1.4494362755555557,-0.0
1501,1.449432538592323,-0.0
1502,1.449428808981646,-0.0
1503,1.4494250867043255,-0.0
1504,1.4494213717412245,-0.0
1505,1.4494176640732683,-0.0
1506,1.449413963681444,-0.0
1507,1.4494102705468004,-0.0
1508,1.4494065846504476,-0.0
1509,1.4494029059735567,-0.0
1510,1.4493992344973603,-0.0
1511,1.4493955702031511,-0.0
1512,1.4493919130722825,-0.0
1513,1.4493882630861683,-0.0
1514,1.4493846202262821,-0.0
1515,1.4493809844741572,-0.0
1516,1.4493773558113865,-0.0
1517,1.449373734219622,-0.0
1518,1.4493701196805757,-0.0
1519,1.4493665121760169,-0.0
1520,1.4493629116877749,-0.0
1521,1.4493593181977367,-0.0
1522,1.4493557316878476,-0.0
1523,1.449352152140111,-0.0
1524,1.449348579536588,-0.0
1525,1.4493450138593966,-0.0
1526,1.449341455090713,-0.0
1527,1.4493379032127702,-0.0
1528,1.449334358207858,-0.0
1529,1.4493308200583221,-0.0
1530,1.449327288746566,-0.0
1531,1.449323764255048,-0.0
1532,1.4493202465662838,-0.0
1533,1.4493167356628436,-0.0
1534,1.4493132315273538,-0.0
1535,1.4493097341424963,-0.0
1536,1.4493062434910073,-0.0
1537,1.449302759555679,-0.0
1538,1.4492992823193578,-0.0
1539,1.4492958117649446,-0.0
1540,1.4492923478753945,-0.0
1541,1.4492888906337167,-0.0
1542,1.4492854400229749,-0.0
1543,1.449281996026286,-0.0
1544,1.44927855862682,-0.0
1545,1.4492751278078007,-0.0
1546,1.449271703552505,-0.0
1547,1.449268285844263,-0.0
1548,1.449264874666456,-0.0
1549,1.44926147000252,-0.0
1550,1.449258071835941,-0.0
1551,1.449254680150259,-0.0
1552,1.449251294929065,-0.0
1553,1.4492479161560017,-0.0
1554,1.4492445438147632,-0.0
1555,1.4492411778890955,-0.0
1556,1.449237818362795,-0.0
1557,1.4492344652197093,-0.0
1558,1.449231118443737,-0.0
1559,1.449227778018827,-0.0
1560,1.4492244439289788,-0.0
1561,1.4492211161582411,-0.0
1562,1.449217794690714,-0.0
1563,1.4492144795105468,-0.0
1564,1.449211170601938,-0.0
1565,1.4492078679491356,-0.0
1566,1.4492045715364377,-0.0
1567,1.4492012813481903,-0.0
1568,1.4491979973687887,-0.0
1569,1.4491947195826773,-0.0
1570,1.4491914479743488,-0.0
1571,1.449188182528344,-0.0
1572,1.4491849232292513,-0.0
1573,1.4491816700617086,-0.0
1574,1.4491784230104001,-0.0
1575,1.4491751820600585,-0.0
1576,1.4491719471954634,-0.0
1577,1.4491687184014423,-0.0
1578,1.4491654956628688,-0.0
1579,1.4491622789646643,-0.0
1580,1.4491590682917965,-0.0
1581,1.4491558636292796,-0.0
1582,1.4491526649621749,-0.0
1583,1.4491494722755887,-0.0
1584,1.4491462855546744,-0.0
1585,1.4491431047846306,-0.0
1586,1.449139929950702,-0.0
1587,1.449136761038179,-0.0
1588,1.4491335980323965,-0.0
1589,1.4491304409187356,-0.0
1590,1.449127289682622,-0.0
1591,1.449124144309526,-0.0
1592,1.449121004784963,-0.0
1593,1.4491178710944932,-0.0
1594,1.4491147432237204,-0.0
1595,1.4491116211582933,-0.0
1596,1.449108504883904,-0.0
1597,1.4491053943862893,-0.0
1598,1.449102289651229,-0.0
1599,1.4490991906645465,-0.0
1600,1.4490960974121094,-0.0
