Opt. Const. of Perylene Simulated from https://omlc.org/spectra/PhotochemCAD/html/023.html vs. nm		
nm	n	k
220.0	1.3459104000000002	0.4932484368725979
220.25	1.3459104000000002	0.4813361632153578
220.5	1.3459104	0.4708694238895581
220.75	1.3459104	0.4627717547180634
221.0	1.3459103999999997	0.45017686762653203
221.25	1.3459104000000002	0.4466567238379318
221.5	1.3459103999999997	0.43179984320923914
221.75	1.3459104000000002	0.4235281745348859
222.0	1.3459104	0.4095814451519149
222.25	1.3459104	0.39682594313466796
222.5	1.3459104000000002	0.384445209277424
222.75	1.3459104	0.3684372550144362
223.0	1.3459104000000002	0.3536339126943154
223.25	1.3459104	0.3377999579341861
223.5	1.3459104	0.3236524598940706
223.75	1.3459104000000002	0.305971433488212
224.0	1.3459104000000002	0.29712422799671123
224.25	1.3459104000000002	0.2861221055851928
224.5	1.3459104000000002	0.2800053538308572
224.75	1.3459104000000002	0.275695519990822
225.0	1.3459104000000002	0.27303198913937166
225.25	1.3459104000000002	0.2718943000822195
225.5	1.3459104000000002	0.27609705730511097
225.75	1.3459104000000002	0.27992504636799936
226.0	1.3459104000000002	0.28072812099657735
226.25	1.3459104000000002	0.28419472647660565
226.5	1.3459104000000002	0.28695194936805674
226.75	1.3459104000000002	0.2880896384252089
227.0	1.3459104000000002	0.2854261075737586
227.25	1.3459104000000002	0.2807147364194344
227.5	1.3459104000000002	0.2722422990879367
227.75	1.3459104000000002	0.26328801697929216
228.0	1.3459104000000002	0.24877913535631657
228.25	1.3459104000000002	0.23831239603051685
228.5	1.3459104000000002	0.22392397560182792
228.75	1.3459104000000002	0.2111818581617239
229.0	1.3459104000000002	0.1983326641044762
229.25	1.3459104000000002	0.18540316258437065
229.5	1.3459104000000002	0.1746955008699975
229.75	1.3459104000000002	0.1660892177670701
230.0	1.3459104000000002	0.1574427809327138
230.25	1.3459104000000002	0.15013480181265415
230.5	1.3459104000000002	0.14524943115547143
230.75	1.3459104000000002	0.1388783724354194
231.0	1.3459104000000002	0.13506376794967398
231.25	1.3459104000000002	0.1317484081913612
231.5	1.3459104000000002	0.12879844738905138
231.75	1.3459104000000002	0.1290380313199105
232.0	1.3459104000000002	0.12749345111761218
232.25	1.3459104000000002	0.1266863611158913
232.5	1.3459104000000002	0.1263316698216027
232.75	1.3459104000000002	0.12699152947475095
233.0	1.3459104000000002	0.12859098644333544
233.25	1.3459104000000002	0.12968316793820148
233.5	1.3459104000000002	0.13068433430849538
233.75	1.3459104000000002	0.13315111187594408
234.0	1.3459104000000002	0.1366163788982581
234.25	1.3459104000000002	0.1400294460697145
234.5	1.3459104000000002	0.1444597411040364
234.75	1.3459104000000002	0.14810034608692327
235.0	1.3459104000000002	0.15269125604696074
235.25	1.3459104000000002	0.1601866192470219
235.5	1.3459104000000002	0.16721352224707928
235.75	1.3459104000000002	0.1744144247499952
236.0	1.3459104000000002	0.18116025163005028
236.25	1.3459104000000002	0.1888831526415419
236.5	1.3459104000000002	0.19360790837300904
236.75	1.3459104000000002	0.19860035564733552
237.0	1.3459104000000002	0.2027495745616551
237.25	1.3459104000000002	0.20726017705883476
237.5	1.3459104000000002	0.21047247557314672
237.75	1.3459104000000002	0.2137784661274594
238.0	1.3459104000000002	0.21774030096177746
238.25	1.3459104000000002	0.21978814126465132
238.5	1.3459104000000002	0.22283982485324766
238.75	1.3459104000000002	0.22597181590470178
239.0	1.3459104000000002	0.2308304174075986
239.25	1.3459104000000002	0.2333467179104763
239.5	1.3459104000000002	0.23839270349337463
239.75	1.3459104000000002	0.24428191743627983
240.0	1.3459104000000002	0.24908698063060478
240.25	1.3459104000000002	0.2558997303963747
240.5	1.3459104000000002	0.2638635537964397
240.75	1.3459104000000002	0.27095737968221184
241.0	1.3459104000000002	0.27936289412799475
241.25	1.3459104000000002	0.2884108682766401
241.5	1.3459104000000002	0.2975659190424291
241.75	1.3459104000000002	0.3086751180710912
242.0	1.3459104000000002	0.3214573892426241
242.25	1.3459104000000002	0.33480181265416165
242.5	1.3459104000000002	0.3487351574599896
242.75	1.3459104000000002	0.362936193808677
243.0	1.3459104000000002	0.38006845255167404
243.25	1.3459104000000002	0.39592917646608916
243.5	1.3459104000000002	0.41089313371192565
243.75	1.3459104000000002	0.4301267710663684
244.0	1.3459104000000002	0.4443813457236276
244.25	1.3459104000000002	0.4570431557008738
244.5	1.3459104000000002	0.4666666666666666
244.75	1.3459104000000002	0.47687909902674996
245.0	1.3459104000000002	0.4798906288839174
245.25	1.3459104000000002	0.48623491844968353
245.5	1.3459104000000002	0.48689076272968884
245.75	1.3459104000000002	0.48563261247825007
246.0	1.3459104000000002	0.4821660069982217
246.25	1.3459104000000002	0.47770894280961396
246.5	1.3459104000000002	0.47334557066100685
246.75	1.3459104000000002	0.46815235472953587
247.0	1.3459104000000002	0.4653683626837989
247.25	1.3459104000000002	0.46190175720377064
247.5	1.3459104000000002	0.46048299202661613
247.75	1.3459104000000002	0.4602554542151857
248.0	1.3459104000000002	0.4577793074437369
248.25	1.3459104000000002	0.4604696074494732
248.5	1.3459104000000002	0.4627985238723494
248.75	1.3459104000000002	0.46638559054666434
249.0	1.3459104000000002	0.47372033882100995
249.25	1.3459104000000002	0.4806133960496376
249.5	1.3459104000000002	0.4898086005468556
249.75	1.3459104000000002	0.5018681045526683
250.0	1.3459104000000002	0.516724985181361
250.25	1.3459104000000002	0.5309126369529054
250.5	1.3459104000000002	0.5499455056502036
250.75	1.3459104000000002	0.5707049847989445
251.0	1.3459104000000002	0.593646150021989
251.25	1.3459104000000002	0.6167880839021778
251.5	1.3459104000000002	0.6381364844452092
251.75	1.3459104000000002	0.6580393506568003
252.0	1.3459104000000002	0.675292070594084
252.25	1.3459104000000002	0.6894797223656284
252.5	1.3459104000000002	0.697965544274269
252.75	1.3459104000000002	0.7
253.0	1.3459104000000002	0.6920897149085068
253.25	1.3459104000000002	0.6822922044398554
253.5	1.3459104000000002	0.6655882521654333
253.75	1.3459104000000002	0.6428344710223904
254.0	1.3459104000000002	0.6193445381364844
254.25	1.3459104000000002	0.5940476873362779
254.5	1.3459104000000002	0.5720434425132411
254.75	1.3459104000000002	0.5592477867645652
255.0	1.3459104000000002	0.5426642956844299
255.25	1.3459104000000002	0.5133520717413335
255.5	1.3459104000000002	0.4832233885925161
255.75	1.3459104000000002	0.4531348591751276
256.0	1.3459104000000002	0.4272223178263447
256.25	1.3459104000000002	0.39936901279183157
256.5	1.3459104000000002	0.3730549341287596
256.75	1.3459104000000002	0.3483202355685577
257.0	1.3459104000000002	0.3272796802998145
257.25	1.3459104000000002	0.3076445056310828
257.5	1.3459104000000002	0.28821009961949556
257.75	1.3459104000000002	0.27212183789364996
258.0	1.3459104000000002	0.25627449855637774
258.25	1.3459104000000002	0.24291669056769727
258.5	1.3459104000000002	0.23236964377903976
258.75	1.3459104000000002	0.22043060096751368
259.0	1.3459104000000002	0.2103118606474311
259.25	1.3459104000000002	0.2029771123730855
259.5	1.3459104000000002	0.19573605613874068
259.75	1.3459104000000002	0.18953899692154724
260.0	1.3459104000000002	0.18391747452150134
260.25	1.3459104000000002	0.17962102525860915
260.5	1.3459104000000002	0.17450811678999598
260.75	1.3459104000000002	0.1704659744928201
261.0	1.3459104000000002	0.16738752174993785
261.25	1.3459104000000002	0.16442953020134227
261.5	1.3459104000000002	0.16231476701275357
261.75	1.3459104000000002	0.16089600183559913
262.0	1.3459104000000002	0.15829939386986366
262.25	1.3459104000000002	0.15730893516128414
262.5	1.3459104000000002	0.1552610948584103
262.75	1.3459104000000002	0.15527447943555325
263.0	1.3459104000000002	0.15291879385839116
263.25	1.3459104000000002	0.15160710529838045
263.5	1.3459104000000002	0.15279833266410447
263.75	1.3459104000000002	0.15092449186408918
264.0	1.3459104000000002	0.1495592649955066
264.25	1.3459104000000002	0.14745788638406088
264.5	1.3459104000000002	0.14503527792118395
264.75	1.3459104000000002	0.14280005353830857
265.0	1.3459104000000002	0.13933344805828027
265.25	1.3459104000000002	0.1365226868582573
265.5	1.3459104000000002	0.1322704066999369
265.75	1.3459104000000002	0.12925887684276943
266.0	1.3459104000000002	0.12470945907187517
266.25	1.3459104000000002	0.12196562075756705
266.5	1.3459104000000002	0.11898353697011416
266.75	1.3459104000000002	0.11592114571980343
267.0	1.3459104000000002	0.11153234287462475
267.25	1.3459104000000002	0.10778867664773703
267.5	1.3459104000000002	0.104178856192279
267.75	1.3459104000000002	0.10000688349681638
268.0	1.3459104000000002	0.09718541463507907
268.25	1.3459104000000002	0.09268551979961374
268.5	1.3459104000000002	0.0898412971567334
268.75	1.3459104000000002	0.08640146083099103
269.0	1.3459104000000002	0.08211438077209889
269.25	1.3459104000000002	0.07962886479665003
269.5	1.3459104000000002	0.07599227518690606
269.75	1.3459104000000002	0.07278800741887989
270.0	1.3459104000000002	0.0697630929845695
270.25	1.3459104000000002	0.0658949501902522
270.5	1.3459104000000002	0.0627883898353697
270.75	1.3459104000000002	0.06049159639763666
271.0	1.3459104000000002	0.05910896957876823
271.25	1.3459104000000002	0.0561349165376011
271.5	1.3459104000000002	0.05347941643243656
271.75	1.3459104000000002	0.05265492648042983
272.0	1.3459104000000002	0.049348935926117124
272.25	1.3459104000000002	0.049237843935830514
272.5	1.3459104000000002	0.04650471328323677
272.75	1.3459104000000002	0.04451710357750625
273.0	1.3459104000000002	0.04375150576492859
273.25	1.3459104000000002	0.04271420103634869
273.5	1.3459104000000002	0.039920839786611595
273.75	1.3459104000000002	0.039113749784890725
274.0	1.3459104000000002	0.03801621445916748
274.25	1.3459104000000002	0.03706189410887397
274.5	1.3459104000000002	0.03624677336086732
274.75	1.3459104000000002	0.03594695883286487
275.0	1.3459104000000002	0.034028948928277784
275.25	1.3459104000000002	0.03313485917512763
275.5	1.3459104000000002	0.03287653683626838
275.75	1.3459104000000002	0.03105088051396776
276.0	1.3459104000000002	0.03073232757796516
276.25	1.3459104000000002	0.030188913745960725
276.5	1.3459104000000002	0.0290445324002371
276.75	1.3459104000000002	0.02847301095623243
277.0	1.3459104000000002	0.02762978259622555
277.25	1.3459104000000002	0.027467829212795652
277.5	1.3459104000000002	0.027058261152220882
277.75	1.3459104000000002	0.026352893936786557
278.0	1.3459104000000002	0.026605862444788617
278.25	1.3459104000000002	0.02553241935792271
278.5	1.3459104000000002	0.026375647717929593
278.75	1.3459104000000002	0.026057094781926995
279.0	1.3459104000000002	0.025873726075068354
279.25	1.3459104000000002	0.025342358362492587
279.5	1.3459104000000002	0.02375227059790818
279.75	1.3459104000000002	0.023697393831622015
280.0	1.3459104000000002	0.024508499206485783
280.25	1.3459104000000002	0.024444253236199545
280.5	1.3459104000000002	0.023669286219621787
280.75	1.3459104000000002	0.023548825025335094
281.0	1.3459104000000002	0.023231610547046786
281.25	1.3459104000000002	0.022461997361326223
281.5	1.3459104000000002	0.02239641293332568
281.75	1.3459104000000002	0.020792940591598308
282.0	1.3459104000000002	0.020442264670452587
282.25	1.3459104000000002	0.020161188550450293
282.5	1.3459104000000002	0.020359280292166194
282.75	1.3459104000000002	0.019663282280731942
283.0	1.3459104000000002	0.018427885810436143
283.25	1.3459104000000002	0.018750454119581636
283.5	1.3459104000000002	0.018095948297290578
283.75	1.3459104000000002	0.01697565919042429
284.0	1.3459104000000002	0.01721925849442628
284.25	1.3459104000000002	0.01689669018528079
284.5	1.3459104000000002	0.016472399089848752
284.75	1.3459104000000002	0.017205873917283312
285.0	1.3459104000000002	0.01668922923956481
285.25	1.3459104000000002	0.01712288953899692
285.5	1.3459104000000002	0.01630643033327597
285.75	1.3459104000000002	0.016127076999560223
286.0	1.3459104000000002	0.015993231228130556
286.25	1.3459104000000002	0.016264938144132775
286.5	1.3459104000000002	0.01695692078242414
286.75	1.3459104000000002	0.0162555689401327
287.0	1.3459104000000002	0.015657278341842096
287.25	1.3459104000000002	0.01642153769670548
287.5	1.3459104000000002	0.01598386202413048
287.75	1.3459104000000002	0.015716170481271153
288.0	1.3459104000000002	0.014618635155547908
288.25	1.3459104000000002	0.015218264211552802
288.5	1.3459104000000002	0.01516338744526664
288.75	1.3459104000000002	0.01466949654869118
289.0	1.3459104000000002	0.01568940132698522
289.25	1.3459104000000002	0.014467389433832386
289.5	1.3459104000000002	0.014541004608118703
289.75	1.3459104000000002	0.014186313313830093
290.0	1.3459104000000002	0.014508881622975582
290.25	1.3459104000000002	0.014803342320120842
290.5	1.3459104000000002	0.01583663167555785
290.75	1.3459104000000002	0.01587277003384386
291.0	1.3459104000000002	0.016279661178990035
291.25	1.3459104000000002	0.016463029885848676
291.5	1.3459104000000002	0.01604409262127383
291.75	1.3459104000000002	0.016813705806994397
292.0	1.3459104000000002	0.01553280177441251
292.25	1.3459104000000002	0.016232815158989656
292.5	1.3459104000000002	0.01616321535784623
292.75	1.3459104000000002	0.016570106502992406
293.0	1.3459104000000002	0.016404137746419623
293.25	1.3459104000000002	0.014955926499550659
293.5	1.3459104000000002	0.014586512170404785
293.75	1.3459104000000002	0.013826268188684295
294.0	1.3459104000000002	0.014416528040689111
294.25	1.3459104000000002	0.013618807242968316
294.5	1.3459104000000002	0.012918124629534025
294.75	1.3459104000000002	0.013480946098395763
295.0	1.3459104000000002	0.012401747643358382
295.25	1.3459104000000002	0.011871584542725482
295.5	1.3459104	0.012139008394041952
295.75	1.3459104000000002	0.010640604982886862
296.0	1.3459104000000002	0.010926499550660624
296.25	1.3459104000000002	0.009976729956595728
296.5	1.3459104000000002	0.010654391097344116
296.75	1.3459104000000002	0.008980917417159028
297.0	1.3459104000000002	0.009884510220080689
297.25	1.3459104000000002	0.009571043423392416
297.5	1.3459104000000002	0.009022409606302224
297.75	1.3459104000000002	0.009086923268131321
298.0	1.3459104000000002	0.008994703531616282
298.25	1.3459104	0.008966997456930343
298.5	1.3459104000000002	0.009451117612191437
298.75	1.3459104000000002	0.009432646895734143
299.0	1.3459104000000002	0.00756549838429033
299.25	1.3459104000000002	0.008483011147440676
299.5	1.3459104000000002	0.0065328782577104725
299.75	1.3459103999999997	0.007427235702403487
300.0	1.3459103999999997	0.00832627774909654
300.25	1.3453375441578945	0.007086062831029273
300.5	1.3447096575849358	0.006860131168856
300.75	1.3441326677857703	0.006297711237308551
301.0	1.3435271284596784	0.0072565823438306655
301.25	1.342915468835322	0.007136790378401117
301.5	1.3422969	0.006214726859022161
301.75	1.3416784114608353	0.006053308858677986
302.0	1.3410545075784674	0.006592707317539532
302.25	1.3404157618992965	0.005726055947532457
302.5	1.3397680010178725	0.005315684812329107
302.75	1.3391254424253254	0.006984607736285588
303.0	1.3384782	0.005873553987647947
303.25	1.3377925998317735	0.006477466108338591
303.5	1.337102891337071	0.006140977838964417
303.75	1.3364194776501144	0.005758312778447007
304.0	1.335723692593454	0.006131742480735769
304.25	1.3350077738146409	0.005827377196504713
304.5	1.3342851	0.006352989540909003
304.75	1.3335620876301046	0.005596894778102832
305.0	1.332838090000301	0.006537429013939081
305.25	1.3321089051928827	0.005343390887015048
305.5	1.3313771944515251	0.005601579380102869
305.75	1.3306457549073905	0.005158951413984971
306.0	1.3299138000000001	0.005772098892904262
306.25	1.329186789552465	0.006214726859022161
306.5	1.3284606272621302	0.005163502170213579
306.75	1.327732511250918	0.006703397770511863
307.0	1.3270051172289312	0.005140480697527677
307.25	1.3262792423728866	0.005440161379758695
307.5	1.3255524	0.006131742480735769
307.75	1.3248265373956003	0.00604407350044934
308.0	1.324097739145509	0.0060348381422206925
308.25	1.323363032107194	0.006528193655710434
308.5	1.3226241432217436	0.006629648750454119
308.75	1.321889062353832	0.0059565383659343375
309.0	1.3211496	0.005500124285359184
309.25	1.320371112645225	0.005075967035698579
309.5	1.3195878255558018	0.005882789345876593
309.75	1.3188133538506217	0.004854719975525344
310.0	1.3180159170957186	0.005666093041931967
310.25	1.3171788468346128	0.006233197575479454
310.5	1.3163283000000001	0.005656857683703321
310.75	1.3154773788229324	0.006984607736285588
311.0	1.3146194370198474	0.006140977838964417
311.25	1.3137407396670824	0.005887340102105202
311.5	1.312852307792437	0.004974511940954894
311.75	1.3119625969017257	0.007021549169200176
312.0	1.3110759	0.003886479665003155
312.25	1.310230543171828	0.009640107841450123
312.5	1.3093895557522688	0.008635059943784775
312.75	1.308539865245532	0.009428096139505534
313.0	1.307708922519323	0.0059518537639343
313.25	1.306911234948642	0.005311134056100499
313.5	1.3061259000000003	0.004914549035354404
313.75	1.3053385377603182	0.007842157593835445
314.0	1.304550355098447	0.005066731677469932
314.25	1.3037614555111214	0.00604407350044934
314.5	1.3029686394147757	0.003324059733455706
314.75	1.3021794791212356	0.00621927761525077
315.0	1.3013865	0.008243293370810149
315.25	1.3005423981059951	0.005149716055756324
315.5	1.2996927082879954	0.0029459454291669053
315.75	1.2988516619667436	0.006076330331363888
316.0	1.297993421797336	0.007616225931662172
316.25	1.2971065512961781	0.007279737662287997
316.5	1.2962097000000001	0.006809403621484158
316.75	1.2953129043726663	0.007473278647775292
317.0	1.294411289464986	0.008745750396757106
317.25	1.2934955389845895	0.004965276582726248
317.5	1.2925711352008564	0.006781831392569647
317.75	1.2916503026792276	0.005767548136675653
318.0	1.290726	0.0046887512189525615
318.25	1.2897754095284792	0.009976729956595728
318.5	1.2888199385214687	0.006689611656054609
318.75	1.2878715730758212	0.009631006328992905
319.0	1.2869038881493058	0.00527874337941452
319.25	1.2859003048459519	0.008423048241840186
319.5	1.2848841000000002	0.0043475783475783476
319.75	1.2838686364580143	0.005444845981758734
320.0	1.2828382061434487	0.006606627277768217
320.25	1.2817666162438128	0.007132105776401078
320.5	1.2806722146156915	0.0055600871909596734
320.75	1.2795863171655681	0.005444845981758734
321.0	1.2784941	0.007408764985946194
321.25	1.2773629607433423	0.008648979904013462
321.5	1.27622736124431	0.008275550201724697
321.75	1.275093682217229	0.009746247538193845
322.0	1.2739588506220711	0.011313715367406642
322.25	1.2728250446166067	0.00999520067305302
322.5	1.2716901000000003	0.009594064896078319
322.75	1.270554342140131	0.010719038604944645
323.0	1.2694226002311522	0.006426738560966748
323.25	1.2683032418176692	0.009750798294422455
323.5	1.2671920356601756	0.00821090269412417
323.75	1.266076011110223	0.009008489646073536
324.0	1.2649626	0.011037056157861526
324.25	1.2638820359587	0.007284288418516606
324.5	1.2628053445269116	0.012074360886441423
324.75	1.2617225228065723	0.00856599552572707
325.0	1.2606523850218496	0.011189238799977054
325.25	1.259604268236378	0.01011499263848257
325.5	1.2585636	0.0087411996405285
325.75	1.2575215663132808	0.010852616684831451
326.0	1.2564848473854635	0.011539647029579913
326.25	1.2554638398565048	0.011221495630891604
326.5	1.2544511276507528	0.010709803246715997
326.75	1.2534356101647628	0.008538289451041127
327.0	1.2524210999999998	0.011207709516434348
327.25	1.2514127667137287	0.009262127382932752
327.5	1.250405862787875	0.010419357922713627
327.75	1.2493980006088485	0.009335876402990497
328.0	1.2483901354079139	0.011304480009177994
328.25	1.2473832445454929	0.01111548977991931
328.5	1.2463767	0.010442379395399527
328.75	1.245369374173164	0.012203522055871049
329.0	1.2443629979626258	0.011894606015411383
329.25	1.243359167717397	0.00932664104476185
329.5	1.2423568718639801	0.009801525841794296
329.75	1.2413537913086279	0.011742423373295854
330.0	1.2403512	0.012973402933134476
330.25	1.2393542198602308	0.009884510220080689
330.5	1.2383577432570356	0.009990516071052983
330.75	1.2373612783814718	0.010502342301000018
331.0	1.2363654504707373	0.008492246505669324
331.25	1.2353693986927292	0.011719401900609954
331.5	1.2343734	0.013563930476682154
331.75	1.2333782575277181	0.012839691007476242
332.0	1.2323806510619755	0.011235281745348857
332.25	1.231378341589049	0.011000248570718367
332.5	1.2303728292045628	0.01281666953479034
332.75	1.229368841596669	0.01455438918526167
333.0	1.2283641000000003	0.01158113921872311
333.25	1.2273452872189012	0.01436566664754584
333.5	1.2263256155828979	0.011719401900609954
333.75	1.225308748713671	0.010290196753284
334.0	1.2242861767444393	0.012682957609132106
334.25	1.2232540760732953	0.015366833017839726
334.5	1.2222188999999999	0.01196835503546913
334.75	1.2211847433047711	0.012858161723933535
335.0	1.2201473180851417	0.012540010325245224
335.25	1.2190987838933065	0.01372454540239775
335.5	1.2180443699937302	0.014190328686972982
335.75	1.2169947810076012	0.015001434061836745
336.0	1.2159423	0.01287194783839079
336.25	1.2148654468865319	0.015776401078414503
336.5	1.2137860371237537	0.01583127784470066
336.75	1.2127136840074482	0.016468383716705864
337.0	1.2116258314761046	0.015591693913841567
337.25	1.2105094401120993	0.01510315684812329
337.5	1.209384	0.015914262222987054
337.75	1.2082610106855642	0.017081397349853724
338.0	1.207126917529405	0.015431078988125969
338.25	1.205961290146938	0.017324996653855715
338.5	1.2047784772149603	0.017247366106426507
338.75	1.203602917506989	0.018113348247576433
339.0	1.2024252	0.018224440237863054
339.25	1.2012234827089092	0.018427885810436143
339.5	1.2000219527622222	0.01744545784814241
339.75	1.198819327924781	0.019127899195013287
340.0	1.19762931345373	0.01832080919329241
340.25	1.1964650274896707	0.016311784164133158
340.5	1.1953089000000001	0.0192015143692996
340.75	1.1941542308729889	0.020630987208168416
341.0	1.1930175561567367	0.015882139237843935
341.25	1.19192693051101	0.018035717700147228
341.5	1.190864496019157	0.018782577104724755
341.75	1.1897919632438543	0.017117535708139738
342.0	1.1887299000000002	0.018547008547008546
342.25	1.1877428863496613	0.019690051435017876
342.5	1.186766648014634	0.019358113921872307
342.75	1.1857828562625057	0.01923899118529991
343.0	1.1848210682009823	0.018635346756152124
343.25	1.1838930215686454	0.020072850341306715
343.5	1.1829789000000002	0.01832080919329241
343.75	1.1820676615158923	0.02308438019847416
344.0	1.1811673955081297	0.018957915065297613
344.25	1.1802949489745094	0.01853362396986558
344.5	1.1794405531485712	0.018980668846440656
344.75	1.1785832646775003	0.01873171571158148
345.0	1.1777328	0.019880112430448
345.25	1.176918851284839	0.021281477657316583
345.5	1.1761129632912677	0.019035545612726818
345.75	1.175305654455839	0.021945352683607713
346.0	1.174512279966937	0.02152507696131857
346.25	1.173740163464951	0.020557372033882103
346.5	1.1729781000000001	0.019603051683588592
346.75	1.1722197293378438	0.0222304441767529
347.0	1.1714730865316854	0.021383200443603124
347.25	1.1707509420720894	0.02236964377903975
347.5	1.170046567746491	0.022705596665328207
347.75	1.169340504642111	0.02092678636302797
348.0	1.1686437	0.02123998546817339
348.25	1.1680013979742658	0.021032524522457408
348.5	1.1673709528374347	0.022567735520755656
348.75	1.1667346339735143	0.024259546071626607
349.0	1.166128807738704	0.02295990363104457
349.25	1.1655731647883805	0.02236027457503967
349.5	1.1650374000000001	0.023493948259048925
349.75	1.1645062419970327	0.0227885810436146
350.0	1.164000196828491	0.023863362588194804
350.25	1.1635547027100823	0.024295684429912617
350.5	1.1631481828682233	0.02495152870991797
350.75	1.162730734870281	0.024706590948201684
351.0	1.162332	0.024314422837912766
351.25	1.1620502909740096	0.02428229985276965
351.5	1.1617884286941977	0.02683607717164764
351.75	1.1615113744371084	0.024195300101340366
352.0	1.1612874912466191	0.024595498957915064
352.25	1.1611518301161938	0.026882923191648023
352.5	1.1610504000000001	0.025919233637354443
352.75	1.1609529566552932	0.026647354633931815
353.0	1.1608910535457344	0.02718675309279336
353.25	1.1609181258176857	0.02678120040536148
353.5	1.1609991734684386	0.02935371613223962
353.75	1.1610650695057971	0.025905849060211476
354.0	1.1611521	0.027394214038509338
354.25	1.1613645118301836	0.026828046425361858
354.5	1.16159658040231	0.027980458517371267
354.75	1.1618163818003386	0.028039350656800324
355.0	1.1620799134107276	0.02925734717681026
355.25	1.1624116496555639	0.030391020860819518
355.5	1.1627712000000003	0.030769804393965466
355.75	1.1631361922759182	0.033051874796841234
356.0	1.1635288821100251	0.032041339222547274
356.25	1.163989972389738	0.03271993728369567
356.5	1.1644943099244325	0.0358171284345781
356.75	1.1649859971239935	0.034221686839136504
357.0	1.1654964	0.03511711505000095
357.25	1.1661267044109067	0.03534331440371709
357.5	1.1667762719467556	0.03563375972771946
357.75	1.1674105856685706	0.035628405896862274
358.0	1.1680971702138792	0.038053691275167785
358.25	1.1688700724817664	0.03822902923574064
358.5	1.1696769000000002	0.03846325933574255
358.75	1.1704864561399895	0.038819289087745464
359.0	1.1713288874371441	0.03940954893975028
359.25	1.172254875665832	0.03970802501003843
359.5	1.1732304693721889	0.04070919138033232
359.75	1.1741904348351984	0.042078433622057786
360.0	1.1751678000000003	0.04368324442149945
360.25	1.1762555309927887	0.04291764660892178
360.5	1.1773585673611697	0.04697852731409778
360.75	1.178450549597107	0.045126101837511236
361.0	1.1795743692461824	0.04575250004780206
361.25	1.1807472464982032	0.046651943631809405
361.5	1.1819403	0.04867569169582592
361.75	1.1831354383121484	0.048592707317539535
362.0	1.1843492270717868	0.04943192030440352
362.25	1.185607692935324	0.049795980802692215
362.5	1.1868937586217199	0.05142354538327692
362.75	1.188171205484924	0.05224000458899788
363.0	1.1894607	0.05476567429587563
363.25	1.1908292037320025	0.05546702613816708
363.5	1.1922103799504435	0.056296869921030994
363.75	1.1935792384214745	0.056679668827319826
364.0	1.1949842455961053	0.05596493240788542
364.25	1.1964513027908807	0.058237633606761124
364.5	1.1979413999999997	0.05839824853247672
364.75	1.1994316212688163	0.05814528002447465
365.0	1.2009494449656355	0.05979158301305952
365.25	1.2025410899555686	0.061741715902789714
365.5	1.204177947009752	0.06000841316277557
365.75	1.205794514346028	0.0605143501787797
366.0	1.2074283000000001	0.06070441117420982
366.25	1.2092061793921096	0.06206829958507811
366.5	1.2110026295902028	0.06193043844050555
366.75	1.2127719131953654	0.06430486242566778
367.0	1.2146058132990776	0.062331975754794544
367.25	1.2165518154615318	0.0637052333696629
367.5	1.2185361000000001	0.06373334098166313
367.75	1.2205168088543235	0.06451232337138377
368.0	1.2225418894229896	0.06515745998967476
368.25	1.2246934071805067	0.06552687431882062
368.5	1.2269186422650822	0.06571024302567925
368.75	1.2291060912444636	0.06575173521482246
369.0	1.2313179	0.06524044436796114
369.25	1.2337467572193066	0.06384309451423545
369.5	1.2361972093313691	0.06606627277768216
369.75	1.2386076050349213	0.0660983957628253
370.0	1.241098003197741	0.06662842501768676
370.25	1.243725168869464	0.06480678406852902
370.5	1.2463983	0.06524579819881832
370.75	1.2490639213794328	0.06542916690567696
371.0	1.251775592408837	0.06687737815254594
371.25	1.254628062619502	0.06423124725138148
371.5	1.2575604309780777	0.06670204019197307
371.75	1.2604461290501352	0.06546664372167728
372.0	1.2633543	0.06487638386967245
372.25	1.2664945649976989	0.06620413392225473
372.5	1.2696549964714596	0.06713570049140519
372.75	1.272766805642438	0.06663244039082965
373.0	1.2759601699196144	0.06655882521654334
373.25	1.2792977070539142	0.06966137019828295
373.5	1.28268	0.06867091148970343
373.75	1.286047877064506	0.06844069676284441
374.0	1.2894620021838405	0.07030249144343104
374.25	1.2930237573228363	0.07293523776745252
374.5	1.2966659998973042	0.072431977666877
374.75	1.300256053670657	0.07168110288915658
375.0	1.3038633000000002	0.07335015965888449
375.25	1.3076900217578773	0.07580756802233313
375.5	1.3115303380184675	0.07558136866861698
375.75	1.3153240368921975	0.07910418937264574
376.0	1.3191754268332299	0.07813514598749498
376.25	1.323129041056932	0.0819069198263829
376.5	1.3271112000000003	0.0844245587869749
376.75	1.3310773649470131	0.08553949406298399
377.0	1.3350568296120284	0.08818160959100556
377.25	1.3390993614019604	0.09064838715845427
377.5	1.3431703940226596	0.09312854930304594
377.75	1.3472120008765487	0.09365857855790741
378.0	1.351251	0.09772079772079771
378.25	1.35534503400186	0.0996428229985277
378.5	1.359432857253731	0.10114055718082564
378.75	1.363499815730898	0.10395801066942006
379.0	1.367569888954325	0.10617985047515249
379.25	1.371651325453189	0.10763207709516434
379.5	1.3757301000000002	0.1107118682957609
379.75	1.3797963662348969	0.11562668502265816
380.0	1.3838539193066441	0.11879347597468402
380.25	1.3879132106935101	0.1203942714009828
380.5	1.3919684413487698	0.12315952503871966
380.75	1.3960094701095742	0.12735960534618251
381.0	1.4000400000000002	0.12972466012734468
381.25	1.4040642742163763	0.13419377043538117
381.5	1.4080764861944284	0.13554561272682078
381.75	1.4120808561175413	0.13559915103539263
382.0	1.4160666352269113	0.14201036348687354
382.25	1.4200252619792881	0.1411135968182948
382.5	1.4239701	0.14535650777261516
382.75	1.4279058955295165	0.1468020421040555
383.0	1.431816575293983	0.1465611197154821
383.25	1.4356774258661968	0.15030880131551272
383.5	1.439503316150923	0.1527447943555326
383.75	1.443337606835738	0.15558232470984149
384.0	1.4471496000000004	0.1591961605384424
384.25	1.450821577655028	0.16124400084131627
384.5	1.4544709171055041	0.1599189277041626
384.75	1.45813869396555	0.16337214860704793
385.0	1.4617395334577281	0.1656207575670663
385.25	1.4652300973310424	0.1679630585670854
385.5	1.4686785	0.16910074762423755
385.75	1.4721243617922188	0.1712021262356833
386.0	1.4755289591935914	0.17063997399567868
386.25	1.4788299567287713	0.172513814795694
386.5	1.4820699465318772	0.17122889538996922
386.75	1.4853292684611927	0.17399950285856325
387.0	1.4885685	0.17418688693856477
387.25	1.4916764984569733	0.17073366603567944
387.5	1.4947662705663818	0.17089428096139506
387.75	1.4978686012314528	0.17146981777854262
388.0	1.5009369717102323	0.1719115088242605
388.25	1.5039545250652302	0.16780244364136981
388.5	1.5069510000000004	0.16985028394424367
388.75	1.509943609674832	0.16590183368706857
389.0	1.512925420740053	0.16479091378420238
389.25	1.515884919554756	0.16355953268704945
389.5	1.5188315056803385	0.1627163043270426
389.75	1.521773667365439	0.16196676800703644
390.0	1.5247125000000001	0.16026692670987974
390.25	1.52766929644581	0.16116369337845846
390.5	1.5306249287393618	0.15734908889271304
390.75	1.5335652155407156	0.15821908640700585
391.0	1.536528404479745	0.15431078988125968
391.25	1.5395393122745595	0.15329356201839422
391.5	1.5425622	0.15212910380695616
391.75	1.5455776105956374	0.14945218837836285
392.0	1.5486195978438362	0.1488766515612153
392.25	1.5517485277798486	0.1485688062869271
392.5	1.5549284231958156	0.14696265702977113
392.75	1.5580700575818796	0.14350943612688577
393.0	1.5612282000000004	0.1442991261783208
393.25	1.5645935290319986	0.14373697393831622
393.5	1.567976527676278	0.14320159085259754
393.75	1.5713083258740064	0.14178282567544312
394.0	1.5747326720659574	0.14138128836115413
394.25	1.5783254194956133	0.14211744010401728
394.5	1.5819705000000002	0.1423851316468766
394.75	1.5856000143721707	0.14447312568117937
395.0	1.5893040285672817	0.14487466299546836
395.25	1.5932345768401641	0.14678865752691253
395.5	1.5972963375387332	0.14804680777835139
395.75	1.6012749147677228	0.15210233465267023
396.0	1.6052931000000004	0.1547390963498346
396.25	1.609756923862471	0.15805847148129026
396.5	1.61425978786728	0.16081569437274135
396.75	1.6186695765061037	0.16485783666991718
397.0	1.623237251323574	0.16959597697852732
397.25	1.6280840021135377	0.17387904166427656
397.5	1.6330194	0.17612765062429492
397.75	1.6379297146428826	0.18045086904147306
398.0	1.6429281357010816	0.1853094705443699
398.25	1.6482071425091671	0.18909730587582935
398.5	1.6536437894009308	0.19566913325302587
398.75	1.6589793475335457	0.19830589495019024
399.0	1.6643547	0.2039006481959502
399.25	1.6702084609986985	0.20957570890456795
399.5	1.6760980594572723	0.21411308055603356
399.75	1.6818891600537298	0.2194669114132201
400.0	1.6878231608604852	0.22523566416183863
400.25	1.6940088496986014	0.23077687909902672
400.5	1.7002727999999998	0.23678655423621867
400.75	1.7065102902194553	0.24287653683626836
401.0	1.7127939508489167	0.2464100652020115
401.25	1.7192535135496476	0.25145605078490985
401.5	1.7258007702617084	0.25683665079638235
401.75	1.7322931689752143	0.26184248264785176
402.0	1.7387865	0.26662077668789075
402.25	1.7453758472149143	0.27218876077936477
402.5	1.7519584435738236	0.2762844413851125
402.75	1.7585355221186612	0.2800187384080001
403.0	1.7650508647124268	0.2858008757337616
403.25	1.7714508542183096	0.2895887110652211
403.5	1.7778114000000003	0.2940859289852578
403.75	1.7841714995461908	0.2989980687967265
404.0	1.7904470929473955	0.3060115872196409
404.25	1.7965066943070327	0.31140557180825634
404.5	1.802436467276274	0.3172144782883038
404.75	1.8084352248619242	0.323090307654066
405.0	1.8143856	0.329474750951261
405.25	1.8198802209682987	0.33583242509417005
405.5	1.8253270668988326	0.34252471366565324
405.75	1.8308691666186643	0.3469014703914033
406.0	1.8362245235281567	0.35366068184860133
406.25	1.8412515648895218	0.35825159180863875
406.5	1.8461754	0.3632172699286793
406.75	1.8511233555100628	0.3671657201858544
407.0	1.85594859689395	0.36982925103730474
407.25	1.8604056243630982	0.37077955601445534
407.5	1.8646530616474313	0.3731753953230463
407.75	1.8690316034871024	0.3752098510487772
408.0	1.8733518000000002	0.3749956978144897
408.25	1.87700526951682	0.3760530794087841
408.5	1.8806015973396875	0.3750626207002046
408.75	1.8843450859963498	0.3723723206944683
409.0	1.8878449208203913	0.373684009254479
409.25	1.8909097862974917	0.3695883286487313
409.5	1.8938421000000003	0.36914663760301336
409.75	1.8968158756965081	0.36845063959157914
410.0	1.8996415469370824	0.36584064704870073
410.25	1.9019994278245236	0.36207958087152714
410.5	1.9040924754978985	0.36315034704296445
410.75	1.9063614445012333	0.3622535803743857
411.0	1.9085598000000004	0.3599915868372244
411.25	1.9098929271805838	0.3555612918029026
411.5	1.9111538427748338	0.35325914453431234
411.75	1.912604523853203	0.35019407636857297
412.0	1.9137486035408768	0.3469683932771181
412.25	1.9143444457261536	0.3399548748542037
412.5	1.9147689000000003	0.33387827683129695
412.75	1.9152413534483081	0.3250176867626532
413.0	1.9155440400989943	0.31623740415686724
413.25	1.9153005979069713	0.3078452742882273
413.5	1.9147499052725496	0.2979139180481462
413.75	1.9143871126282839	0.28751410160806135
414.0	1.9139499	0.27851966576798787
414.25	1.9126388224081183	0.26718292892789536
414.5	1.9112513225653427	0.2609724851335589
414.75	1.9100395451636705	0.2556989617392302
415.0	1.9085457288674204	0.2468517562477294
415.25	1.9065543460436356	0.23836593433908868
415.5	1.9044	0.22859519302472323
415.75	1.9022815670845872	0.21933306564179048
416.0	1.9000194954743943	0.21029847607028815
416.25	1.8973016404344016	0.2036597258073768
416.5	1.8943266642364978	0.19724851335589588
416.75	1.8914886292222008	0.19091760836727278
417.0	1.888587	0.18742423373295855
417.25	1.8850482200869165	0.1828199391957781
417.5	1.8814480115180516	0.18004933172718404
417.75	1.8779513568425448	0.17899195013288974
418.0	1.8742807938461457	0.1767567257500143
418.25	1.87032040659981	0.17670318744144248
418.5	1.8662553000000004	0.1763418038585824
418.75	1.8621962865274202	0.1770244172928737
419.0	1.8580960977905066	0.17838964416145622
419.25	1.853859502262751	0.17845656704717106
419.5	1.8495537206891757	0.1819499416814853
419.75	1.8452569866213189	0.1839442436757873
420.0	1.8409554000000004	0.18617946805866267
420.25	1.83672826319277	0.1880800780129639
420.5	1.8325069083202852	0.19161360637870706
420.75	1.8282490518056038	0.19522744220730795
421.0	1.8240609686405052	0.19930973823591272
421.25	1.8200080954632718	0.20419510889309544
421.5	1.8159939000000005	0.20659094820168644
421.75	1.811967218175458	0.21170385667029962
422.0	1.8079983238205304	0.2143673875217499
422.25	1.804209686722491	0.2209927532075183
422.5	1.8005241370779328	0.22362951490468266
422.75	1.7967769807948755	0.22988011243044798
423.0	1.7930574000000004	0.23306564179047398
423.25	1.789642761340771	0.2381517811048012
423.5	1.7862557797644125	0.2418726935505459
423.75	1.782812626086238	0.24681160251630047
424.0	1.779457811692604	0.2515898965563395
424.25	1.7762558448345651	0.2562477294020918
424.5	1.7731035000000004	0.2630604791678617
424.75	1.7699394429869935	0.2665806229564619
425.0	1.7668310896298005	0.2732327577965162
425.25	1.763891430162622	0.2827358075680223
425.5	1.761052505380229	0.2885179448937838
425.75	1.7581524935706838	0.2953306946595537
426.0	1.7552870999999999	0.30368267079676475
426.25	1.7527886967159119	0.31327941260827163
426.5	1.7503331062743945	0.3215510812826249
426.75	1.7477947831693266	0.33030459473412493
427.0	1.7454373961105498	0.34091856440849727
427.25	1.7434065069190978	0.34977915447714103
427.5	1.7414865000000002	0.3590948201686457
427.75	1.7395508846003747	0.3689860226772978
428.0	1.7377911645173076	0.3775387674716534
428.25	1.7365308818810437	0.3852884376374309
428.5	1.735572568186422	0.3929711849174936
428.75	1.7344583033369694	0.39926193617468786
429.0	1.7334540000000003	0.40525822673473677
429.25	1.7334546035344311	0.40845714067190575
429.5	1.7335717923320724	0.40976882923191643
429.75	1.7335126853055653	0.4124189755062238
430.0	1.7338227493765475	0.41339604963766036
430.25	1.7347651017523333	0.41352989540909
430.5	1.7359272000000003	0.41192374615193406
430.75	1.7370688477077303	0.4126063595862253
431.0	1.738412346224926	0.41299451232337137
431.25	1.74033958502212	0.41216466854050743
431.5	1.7425975752627492	0.41144190137478726
431.75	1.7447010312337627	0.411134056100499
432.0	1.7468937000000002	0.4133291267519455
432.25	1.7498512251902612	0.4160595804891107
432.5	1.7528826814520893	0.4201954148262873
432.75	1.7557979955613445	0.42621847454062217
433.0	1.7589050998439981	0.43372722231782634
433.25	1.7623228271435567	0.43984397407216197
433.5	1.7658468	0.45087286563796625
433.75	1.7693550942509473	0.45906422684946174
434.0	1.7729135848073283	0.4688349681638272
434.25	1.776641881944684	0.47952924530105734
434.5	1.7804541926373731	0.4896613701982829
434.75	1.7842329631558622	0.4989636513126446
435.0	1.7880129	0.5049867110269795
435.25	1.791789470369251	0.5127899195013289
435.5	1.7955535953850597	0.5137000707470506
435.75	1.7993507360578078	0.5153062200042066
436.0	1.8030259417577996	0.5081053175012906
436.25	1.8064653025589867	0.4999674945983671
436.5	1.8098334	0.4890858333811353
436.75	1.813220229713122	0.47521941146102215
437.0	1.8163972731505058	0.4567085412722996
437.25	1.8189859794358387	0.43814413277500525
437.5	1.8212184829270721	0.41476127650624295
437.75	1.8236726409082509	0.3934128759632115
438.0	1.8259911	0.3704449415858812
438.25	1.8269051834440315	0.3482934664142718
438.5	1.827676979802915	0.32250138625977554
438.75	1.8287282948130836	0.2999483737738771
439.0	1.8292560791567458	0.2769938239736897
439.25	1.8288676198401206	0.25690357368209715
439.5	1.8281754000000001	0.23673301592764678
439.75	1.827534042996374	0.21878429797892884
440.0	1.8266113800890798	0.2001931203273485
440.25	1.8248263038669799	0.18454654964722078
440.5	1.822556236100408	0.17085412722996615
440.75	1.8205240782917542	0.1571349356584256
441.0	1.8183771	0.14575804508690413
441.25	1.8151562988183958	0.135050383372531
441.5	1.8118353366139315	0.12727662096789616
441.75	1.8086481517849093	0.11833304652096598
442.0	1.8052865650769019	0.11194726476605671
442.25	1.8016688759703934	0.10524426853285913
442.5	1.7979525000000003	0.09950496185395515
442.75	1.7942400913966574	0.09412436184248264
443.0	1.790525774177091	0.08886823839843974
443.25	1.7867944875730968	0.08460391212069064
443.5	1.7830613033174072	0.07939865006979101
443.75	1.7793086246710805	0.07673913459148357
444.0	1.7755686000000002	0.07200902502915925
444.25	1.7720246729960125	0.06819977437427101
444.5	1.7685008487776621	0.06504636799938814
444.75	1.7649246604243007	0.061602516300502876
445.0	1.7614521900507165	0.0576058815656131
445.25	1.7581705093934574	0.053709631159295584
445.5	1.7549505	0.05096713130270177
445.75	1.7517175660974695	0.04661982064666628
446.0	1.7485520961431746	0.04440601158721964
446.25	1.745587668809254	0.04165414252662574
446.5	1.7427367999772132	0.03885141207288858
446.75	1.739827980951978	0.034383640222566396
447.0	1.736946	0.03353505803170233
447.25	1.7343371145813036	0.031963708675118066
447.5	1.7317551084670422	0.02882770225052104
447.75	1.7291228049187164	0.026356909309929445
448.0	1.7265782678849677	0.02475745234134496
448.25	1.724185036433205	0.023139256964760317
448.5	1.7218422	0.021881106713321476
448.75	1.7194916309530246	0.019663282280731942
449.0	1.717187611750115	0.0193634677527295
449.25	1.715027586947786	0.01791525650586053
449.5	1.712949873037687	0.016721352224707928
449.75	1.7108289272157922	0.015186141226409681
450.0	1.708731	0.014263943861259296
450.25	1.7068495365524834	0.013539838237824816
450.5	1.70498917929531	0.012738235912732557
450.75	1.7030921290958265	0.012729134400275339
451.0	1.7012606573054738	0.01173318801506721
451.25	1.6995397782208563	0.00999520067305302
451.5	1.6978572	0.010903344232203292
451.75	1.6961691015702267	0.00987995946385208
452.0	1.6945088435072584	0.009621770970764259
452.25	1.6929339892304744	0.008888697680643988
452.5	1.6914069174434907	0.007736151742863151
452.75	1.689855600199285	0.008280100957953307
453.0	1.6883163	0.008040383181322778
453.25	1.6868893694698246	0.006961586263599686
453.5	1.6854736434460127	0.007150576492858372
453.75	1.6840381203370067	0.006445209277424043
454.0	1.6826369800283467	0.006993843094514234
454.25	1.6812941918137385	0.006302261993537161
454.5	1.6799706	0.00510367311038452
454.75	1.6786444744540017	0.005532381116273733
455.0	1.677335116796091	0.005633836211017419
455.25	1.676075956981857	0.005767548136675653
455.5	1.6748456347693654	0.0038496720778599973
455.75	1.67360080403339	0.004776286353467561
456.0	1.6723629000000004	0.0031811124495688247
456.25	1.6711969256900545	0.004960725826497638
456.5	1.6700384444677272	0.004568825407751582
456.75	1.6688668679028995	0.004739344920552974
457.0	1.6677172039203614	0.0038957150232318016
457.25	1.6666056092751065	0.0036559972466012726
457.5	1.6655067000000001	0.002249813571961223
457.75	1.6644058831282655	0.0038957150232318016
458.0	1.6633160187422225	0.0035360714354002944
458.25	1.6622595891888927	0.002922923956481003
458.5	1.6612222849094198	0.002466509875905849
458.75	1.6601751205407307	0.0032271553949406295
459.0	1.6591329	0.0028861163693378452
459.25	1.6581395764420246	0.0023465840647048696
459.5	1.6571510206617779	0.003914185739689095
459.75	1.6561541727967524	0.002922923956481003
460.0	1.6551729720746136	0.0031673263351115694
460.25	1.654218320616584	0.0024527237614485934
460.5	1.653273	0.00284462418019465
460.75	1.6523259741299494	0.0024757452341344958
461.0	1.6513882181164112	0.001747356546014264
461.25	1.650474614134259	0.0024480391594485554
461.5	1.649574829794885	0.0025494942541922404
461.75	1.648668145890838	0.0016966289986424215
462.0	1.6477650000000004	0.000862127382932752
462.25	1.6469003013871566	0.00187638386967246
462.5	1.6460393619916205	0.0017150997150997148
462.75	1.6451711843322163	0.0019501328897302047
463.0	1.644315318570393	0.0018211055660720089
463.25	1.6434806826472386	0.0027109122545364156
463.5	1.6426530000000001	0.0019593682479588518
463.75	1.6418246239338152	0.0013692422417254631
464.0	1.641002943245864	0.0016321153368133233
464.25	1.640201017047501	0.0013139371689707261
464.5	1.63941095887108	0.002005545039102086
464.75	1.6386148459459888	0.0019548174917302435
465.0	1.6378209000000004	0.002282070402875772
465.25	1.637058531828823	0.0019548174917302435
465.5	1.6362983983832904	0.0008667450620470754
465.75	1.635532516936384	0.0018718331134438514
466.0	1.634777129899961	0.0013093328744335454
466.25	1.634039016631579	0.0028261534637373563
466.5	1.6333065000000004	0.001304715195319222
466.75	1.6325727250612554	0.0014107344308686592
467.0	1.631844218532758	0.0010373181131570393
467.25	1.6311317202782214	0.0014337559035545613
467.5	1.6304286405171895	0.0007514770836918488
467.75	1.6297209942447382	0.0012355704697986577
468.0	1.6290153000000003	0.0018211055660720089
468.25	1.628333298552354	0.0010557620604600471
468.5	1.6276547648851838	0.0010972542496032428
468.75	1.6269718107460454	0.0014569112220118932
469.0	1.6262964185834823	0.0012309527906843342
469.25	1.6256345396905587	0.0011341421442092581
469.5	1.6249770000000001	0.0016504522074991873
469.75	1.6243197623100878	0.0013922637144113653
470.0	1.6236664760996689	0.0015721524312128335
470.25	1.6230257310397718	0.0004472054915007935
470.5	1.6223926953981493	0.0007330465209659841
470.75	1.621755820439603	0.0004472054915007935
471.0	1.6211205000000002	0.0010972542496032428
471.25	1.620505438182132	0.0016643721677278723
471.5	1.619892789418162	0.0007284288418516607
471.75	1.619276123319157	0.00037342970228876267
472.0	1.618665864128661	0.0005301898697871852
472.25	1.6180674030128204	0.0013830283561827186
472.5	1.6174728	0.001240174764335838
472.75	1.6168770564214032	0.0006731103845197805
473.0	1.6162855392676065	0.0011802386278896345
473.25	1.6157045689580685	0.00170117975487103
473.5	1.6151294975373247	0.0011986825751926422
473.75	1.6145515411593332	0.0005993345953077496
474.0	1.6139754000000002	0.0002443488403219947
474.25	1.613416047629941	0.0007699210309948564
474.5	1.6128579387988422	0.0012862712480162144
474.75	1.6122967517836095	0.0009773819767108357
475.0	1.6117412674002214	0.0015536817147555402
475.25	1.611195595635849	0.0014429912617832082
475.5	1.6106535	0.0008943975984244439
475.75	1.610110358395055	0.0015214248838409912
476.0	1.6095701909750437	0.0007791430046463604
476.25	1.6090397448873663	0.0013646914854968544
476.5	1.6085145059945978	0.0
476.75	1.607986129052737	0.0008990152775387674
477.0	1.6074593999999998	0.0008252394883267365
477.25	1.6069465999876738	0.0006085565689592534
477.5	1.6064354015173878	0.0006177785426107574
477.75	1.6059217472809966	0.0007975869519493679
478.0	1.6054130068599048	0.0
478.25	1.6049126315066398	0.0
478.5	1.6044147	0.0010880322759517392
478.75	1.6039157536325952	3.2271553949406294e-05
479.0	1.6034201389506417	0.0010327138186198587
479.25	1.6029325006571216	0.0018256563223006176
479.5	1.60244922975693	0.0
479.75	1.6019638756572414	0.0015306602420696379
480.0	1.6014798000000003	0.00035038146044857454
480.25	1.6010075780690445	0.0006454444635652689
480.5	1.6005367307253104	0.0003780473814030861
480.75	1.6000637714906623	0.0010511577659228664
481.0	1.5995950429125114	0.0009266678139161359
481.25	1.5991332391784878	0.0
481.5	1.5986736000000001	0.0011156981969062505
481.75	1.5982145042325593	0.0
482.0	1.597756994212261	0.0010188741658540316
482.25	1.597306163896804	0.0
482.5	1.5968596019285806	0.0019501328897302047
482.75	1.5964110722953235	0.0008805713302357598
483.0	1.5959637	0.0004979196542954932
483.25	1.5955267818693122	0.00020746094571597927
483.5	1.595091086160432	0.0006638884108682766
483.75	1.5946534911514494	0.0
484.0	1.5942197477169535	0.0009589514139849711
484.25	1.5937922625457674	0.0007007629208971491
484.5	1.5933663	0.0010926499550660625
484.75	1.5929401413821291	0.0
485.0	1.5925163819570884	0.0011387464387464386
485.25	1.5920984833838752	0.0007238245473144802
485.5	1.5916839452729068	0.00040109562324327423
485.75	1.5912677471846857	0.0
486.0	1.5908526	9.220635193789555e-05
486.25	1.590447265497375	0.00016136446203560297
486.5	1.5900424040660828	0.0004287615441977858
486.75	1.5896355972259355	0.0009128415457274517
487.0	1.5892323303114047	0.0
487.25	1.588834740683214	0.0004933019751811698
487.5	1.5884388	0.0007653167364576761
487.75	1.588042685445734	0.000636222489913765
488.0	1.5876484047840924	0.0006546664372167727
488.25	1.5872592456055694	0.0
488.5	1.5868731047298683	0.0011110805177919271
488.75	1.5864854944781588	0.0008805713302357598
489.0	1.5860988000000003	0.0011064762232547468
489.25	1.585720539564198	0.0007422551100403449
489.5	1.5853424516736108	7.376508155031645e-05
489.75	1.584963359781352	0.0010695883286487313
490.0	1.5845872158329914	0.0002443488403219947
490.25	1.5842159085993903	5.532381116273733e-05
490.5	1.583847	0.0
490.75	1.5834763770280904	0.0006823323581712843
491.0	1.5831081922306862	0.0002673970821621828
491.25	1.582744960635285	8.759536511214363e-05
491.5	1.5823841430802545	0.000636222489913765
491.75	1.5820221567896342	0.0016089600183559912
492.0	1.5816608999999997	0.00037342970228876267
492.25	1.5813066115661893	0.0007099848945486529
492.5	1.580953188576733	0.00015674678292127954
492.75	1.5805983204164773	0.0008114132201380522
493.0	1.580246595580532	0.00146614658024054
493.25	1.5798996387735573	0.001249396737987342
493.5	1.5795531	0.0003549991395628979
493.75	1.5792064475627867	0.0009082372511902712
494.0	1.5788618592952988	0.00041492189143195853
494.25	1.5785212958760866	0.0
494.5	1.5781829382525874	0.0002720147612765062
494.75	1.5778434477307957	0.00035038146044857454
495.0	1.5775047	0.00045180978603797387
495.25	1.5771729962596484	0.0003688254077515822
495.5	1.5768412909670888	0.0013969483164114037
495.75	1.5765088875776219	0.00041031759689477807
496.0	1.5761787311717907	0.0013600068834968163
496.25	1.5758520549224333	0.0
496.5	1.5755274	0.0008529054092812482
496.75	1.5752017775364462	0.0
497.0	1.5748782086721758	0.0004979196542954932
497.25	1.574558232335172	0.0007468727891546684
497.5	1.5742399993365659	0.0012632230061760262
497.75	1.57392082995287	0.0014337559035545613
498.0	1.5736023000000003	0.0
498.25	1.573290083720103	0.0010188741658540316
498.5	1.5729783362907666	0.0
498.75	1.5726665657029542	0.0006316181953765846
499.0	1.572353643013412	0.0
499.25	1.5720508278338223	0.0015997246601273446
499.5	1.571742	0.001304715195319222
499.75	1.5714115774799684	9.220635193789555e-05
500.0	1.571365577817802	0.0004886976806439894
