Opt. Const. of PFOGlassy0Vol% vs. nm,,,,
nm	"n	 Ordinary"	"k	 Ordinary"	"n	 Extra-ordinary"	"k	 Extra-ordinary"
210	1.58154	0.264675	1.741885	0.164716
211	1.584841	0.280574	1.702642	0.184854
212	1.591534	0.292667	1.686772	0.205253
213	1.600875	0.301171	1.680989	0.21326
214	1.611379	0.307733	1.673709	0.212513
215	1.621951	0.31288	1.659769	0.210837
216	1.634588	0.31747	1.643678	0.218144
217	1.651153	0.319955	1.637841	0.231449
218	1.669196	0.316926	1.640867	0.238546
219	1.686431	0.308925	1.642712	0.238775
220	1.70061	0.296772	1.640989	0.237876
221	1.711365	0.282937	1.637472	0.239101
222	1.719535	0.268223	1.63533	0.243791
223	1.725359	0.252486	1.637649	0.248874
224	1.727946	0.236019	1.64178	0.250465
225	1.727183	0.220361	1.643566	0.251218
226	1.723994	0.2064	1.645638	0.25547
227	1.719452	0.194256	1.652919	0.260449
228	1.713247	0.183333	1.663354	0.260925
229	1.705542	0.175223	1.671755	0.258173
230	1.698064	0.169959	1.678843	0.256594
231	1.691725	0.167309	1.688901	0.255345
232	1.687442	0.165406	1.701039	0.24989
233	1.683952	0.164037	1.709736	0.240631
234	1.68162	0.163703	1.714605	0.233468
235	1.681818	0.163711	1.722091	0.230289
236	1.683722	0.162295	1.73521	0.224873
237	1.686691	0.15941	1.749351	0.212423
238	1.690076	0.154202	1.759424	0.195491
239	1.692066	0.147075	1.765578	0.17779
240	1.692637	0.139636	1.769958	0.159587
241	1.692385	0.131677	1.772048	0.139314
242	1.690823	0.123472	1.768875	0.117728
243	1.68787	0.115386	1.75992	0.098877
244	1.683451	0.108234	1.748793	0.085783
245	1.678726	0.102787	1.739397	0.076452
246	1.674798	0.097963	1.731833	0.067746
247	1.670534	0.092943	1.723951	0.058927
248	1.666193	0.088828	1.715192	0.051314
249	1.662128	0.084998	1.706759	0.04567
250	1.65853	0.081374	1.699692	0.040904
251	1.654975	0.077297	1.693538	0.035669
252	1.651075	0.073185	1.686886	0.029915
253	1.646934	0.069102	1.679328	0.024662
254	1.642293	0.065096	1.671549	0.020657
255	1.637333	0.061643	1.664333	0.017484
256	1.632409	0.058535	1.657662	0.014452
257	1.627378	0.055576	1.650916	0.011339
258	1.622177	0.052905	1.643793	0.008567
259	1.616744	0.050448	1.636478	0.00656
260	1.611051	0.048664	1.629409	0.005312
261	1.605694	0.04743	1.622746	0.00457
262	1.600545	0.046265	1.616427	0.004122
263	1.595235	0.045458	1.610338	0.003951
264	1.590335	0.045022	1.604467	0.004098
265	1.585433	0.044568	1.598868	0.004574
266	1.580574	0.044515	1.593593	0.005336
267	1.575969	0.044701	1.588679	0.006332
268	1.571549	0.045037	1.584167	0.007476
269	1.56736	0.045575	1.580043	0.008637
270	1.56347	0.046065	1.576196	0.009683
271	1.559557	0.046523	1.572401	0.01063
272	1.555705	0.047109	1.568575	0.01167
273	1.551838	0.047839	1.564812	0.012993
274	1.548234	0.048919	1.561378	0.014595
275	1.545038	0.049867	1.55838	0.016251
276	1.541816	0.05062	1.555732	0.017733
277	1.538475	0.051552	1.55318	0.018981
278	1.535487	0.052667	1.550584	0.02014
279	1.532609	0.053507	1.547943	0.021365
280	1.529618	0.05441	1.545371	0.022738
281	1.526708	0.055391	1.542954	0.024223
282	1.523835	0.056455	1.540732	0.025777
283	1.521144	0.057628	1.538734	0.027344
284	1.518665	0.05873	1.536961	0.028841
285	1.516262	0.059658	1.535358	0.030181
286	1.513782	0.060497	1.533787	0.03131
287	1.511248	0.061353	1.532098	0.032342
288	1.50866	0.062283	1.530291	0.033453
289	1.506181	0.063414	1.528503	0.034798
290	1.504013	0.064448	1.527004	0.036322
291	1.501795	0.065262	1.525882	0.037783
292	1.499607	0.066123	1.525057	0.038941
293	1.497564	0.066779	1.524251	0.039664
294	1.495396	0.067173	1.52323	0.040095
295	1.492989	0.067468	1.521928	0.040418
296	1.490435	0.067808	1.520392	0.0408
297	1.487787	0.068047	1.518746	0.04129
298	1.484772	0.06831	1.517043	0.041856
299	1.481709	0.068913	1.51529	0.042466
300	1.478774	0.069376	1.513439	0.043116
301	1.475437	0.069744	1.511461	0.043889
302	1.471832	0.070471	1.509401	0.044882
303	1.468287	0.071531	1.507387	0.046182
304	1.464936	0.072664	1.50566	0.047735
305	1.461528	0.073705	1.504322	0.049298
306	1.458021	0.074904	1.503318	0.050629
307	1.454656	0.076103	1.502431	0.051518
308	1.451097	0.07709	1.501316	0.05201
309	1.447201	0.078244	1.499819	0.052322
310	1.443261	0.079605	1.497907	0.052662
311	1.439207	0.080994	1.495649	0.053217
312	1.434903	0.082515	1.493174	0.054078
313	1.430373	0.084337	1.490583	0.055293
314	1.425825	0.086564	1.487993	0.056904
315	1.421414	0.088989	1.4856	0.058923
316	1.416959	0.091529	1.483599	0.061163
317	1.41253	0.094362	1.48201	0.063369
318	1.408341	0.097261	1.48072	0.065297
319	1.404083	0.099971	1.479416	0.066769
320	1.399503	0.102737	1.477714	0.06797
321	1.394673	0.105752	1.47551	0.069237
322	1.389658	0.109075	1.472881	0.07089
323	1.384513	0.112775	1.470118	0.073205
324	1.379354	0.116882	1.467678	0.0761
325	1.374258	0.121335	1.465748	0.079263
326	1.369228	0.126099	1.464328	0.082392
327	1.364314	0.131173	1.463263	0.085209
328	1.359569	0.136447	1.462205	0.087625
329	1.354873	0.141805	1.460935	0.089799
330	1.350081	0.147314	1.459364	0.091894
331	1.34514	0.153112	1.457469	0.094065
332	1.34016	0.159377	1.45528	0.096455
333	1.335395	0.165986	1.45286	0.099175
334	1.330622	0.172619	1.450289	0.102323
335	1.325415	0.179641	1.447685	0.105993
336	1.32016	0.18758	1.445241	0.110264
337	1.315351	0.196137	1.443238	0.115045
338	1.310756	0.205006	1.441805	0.120099
339	1.306248	0.214493	1.440948	0.125194
340	1.302247	0.224698	1.44058	0.130114
341	1.298909	0.235216	1.440474	0.134702
342	1.295961	0.245869	1.44038	0.139029
343	1.293287	0.256795	1.440194	0.143233
344	1.290949	0.268054	1.439886	0.147445
345	1.288977	0.279631	1.439475	0.151784
346	1.287377	0.291516	1.439039	0.156334
347	1.286149	0.303709	1.438654	0.161111
348	1.285289	0.316232	1.438369	0.166116
349	1.284805	0.329125	1.438225	0.171351
350	1.284742	0.342474	1.438264	0.176819
351	1.285275	0.356339	1.43854	0.182508
352	1.286586	0.370557	1.439093	0.188385
353	1.288592	0.384934	1.439949	0.194418
354	1.291157	0.399561	1.441128	0.200575
355	1.294418	0.414586	1.442645	0.206826
356	1.298609	0.429947	1.444515	0.213136
357	1.303909	0.445465	1.446745	0.219467
358	1.310374	0.460723	1.449332	0.225779
359	1.31752	0.475371	1.452263	0.232036
360	1.324787	0.48994	1.45552	0.238207
361	1.332721	0.505158	1.459068	0.24427
362	1.342311	0.520469	1.462878	0.250228
363	1.353179	0.534761	1.466938	0.256091
364	1.36418	0.548168	1.471243	0.261865
365	1.375293	0.561653	1.475794	0.267555
366	1.387333	0.575382	1.480596	0.273165
367	1.400518	0.588744	1.485659	0.278695
368	1.414457	0.60149	1.490995	0.284143
369	1.42901	0.613899	1.496618	0.289506
370	1.444476	0.626088	1.502549	0.29478
371	1.46107	0.637732	1.508826	0.299957
372	1.478671	0.648525	1.515511	0.304994
373	1.497078	0.658362	1.522624	0.309795
374	1.516184	0.667209	1.530144	0.314269
375	1.535903	0.674999	1.53802	0.31834
376	1.556107	0.681658	1.546176	0.321939
377	1.576634	0.687157	1.554495	0.325017
378	1.597331	0.691522	1.562832	0.327623
379	1.618031	0.694817	1.571124	0.329854
380	1.638644	0.697225	1.579353	0.331797
381	1.65925	0.69889	1.587528	0.333529
382	1.679965	0.69974	1.595685	0.335119
383	1.700672	0.699629	1.603893	0.336615
384	1.721081	0.698646	1.612234	0.338002
385	1.741158	0.697141	1.620744	0.339242
386	1.761161	0.695333	1.62944	0.340304
387	1.781356	0.69311	1.638331	0.341158
388	1.801789	0.690316	1.647419	0.341779
389	1.822429	0.686871	1.656695	0.342148
390	1.84327	0.682751	1.666149	0.342271
391	1.86432	0.67793	1.675798	0.34216
392	1.885602	0.672384	1.685671	0.341824
393	1.907146	0.666091	1.695817	0.341267
394	1.929016	0.659046	1.706312	0.340489
395	1.951373	0.651236	1.717295	0.339469
396	1.974579	0.642472	1.728952	0.338022
397	1.998773	0.632102	1.741303	0.335865
398	2.023634	0.619524	1.754266	0.33275
399	2.048617	0.604428	1.767699	0.328455
400	2.07326	0.586713	1.781398	0.322786
401	2.097091	0.566317	1.79508	0.315576
402	2.11964	0.5433	1.808319	0.306794
403	2.140447	0.517752	1.8208	0.296657
404	2.158934	0.489924	1.832369	0.285383
405	2.174723	0.46032	1.842938	0.273163
406	2.187565	0.429408	1.852461	0.260166
407	2.19729	0.397845	1.860924	0.246545
408	2.204123	0.366358	1.868356	0.232435
409	2.208838	0.335361	1.874825	0.217892
410	2.212037	0.304266	1.88034	0.202916
411	2.213397	0.272319	1.884871	0.187506
412	2.211766	0.239414	1.888359	0.17166
413	2.206431	0.206518	1.890714	0.155377
414	2.19735	0.174621	1.891797	0.138652
415	2.18484	0.144509	1.891344	0.121509
416	2.16928	0.116799	1.88902	0.104238
417	2.151227	0.092091	1.88471	0.087264
418	2.131433	0.070696	1.878426	0.070994
419	2.110554	0.05277	1.870268	0.055831
420	2.089434	0.038405	1.860423	0.04218
421	2.068925	0.027141	1.849198	0.030452
422	2.049406	0.018319	1.837142	0.021038
423	2.030849	0.011388	1.825031	0.013908
424	2.013153	0.006224	1.813345	0.008735
425	1.996462	0.002805	1.802376	0.005188
426	1.981142	0.000984	1.792318	0.002938
427	1.967469	0.000265	1.783279	0.001654
428	1.955419	0.000086	1.775287	0.001007
429	1.944651	0.000023	1.768264	0.00067
430	1.934848	0.000002	1.761978	0.000428
431	1.925837	0	1.756252	0.000253
432	1.917488	0	1.750992	0.000134
433	1.909705	0	1.746132	0.00006
434	1.902413	0	1.741624	0.00002
435	1.895555	0	1.737426	0.000003
436	1.889085	0	1.733505	0
437	1.882963	0	1.729829	0
438	1.877156	0	1.726367	0
439	1.871636	0	1.723094	0
440	1.866377	0	1.719993	0
441	1.861359	0	1.717047	0
442	1.856563	0	1.714243	0
443	1.851971	0	1.711568	0
444	1.84757	0	1.709012	0
445	1.843345	0	1.706565	0
446	1.839285	0	1.704221	0
447	1.83538	0	1.701971	0
448	1.831618	0	1.69981	0
449	1.827993	0	1.69773	0
450	1.824494	0	1.695728	0
451	1.821116	0	1.693797	0
452	1.81785	0	1.691935	0
453	1.814692	0	1.690136	0
454	1.811635	0	1.688397	0
455	1.808673	0	1.686715	0
456	1.805803	0	1.685086	0
457	1.803019	0	1.683509	0
458	1.800317	0	1.681979	0
459	1.797693	0	1.680495	0
460	1.795144	0	1.679055	0
461	1.792666	0	1.677656	0
462	1.790255	0	1.676296	0
463	1.78791	0	1.674974	0
464	1.785627	0	1.673688	0
465	1.783403	0	1.672436	0
466	1.781236	0	1.671217	0
467	1.779123	0	1.670029	0
468	1.777063	0	1.668871	0
469	1.775053	0	1.667742	0
470	1.773091	0	1.66664	0
471	1.771176	0	1.665565	0
472	1.769306	0	1.664516	0
473	1.767478	0	1.66349	0
474	1.765692	0	1.662489	0
475	1.763946	0	1.66151	0
476	1.762239	0	1.660553	0
477	1.760568	0	1.659616	0
478	1.758933	0	1.6587	0
479	1.757333	0	1.657804	0
480	1.755767	0	1.656926	0
481	1.754233	0	1.656067	0
482	1.75273	0	1.655225	0
483	1.751257	0	1.6544	0
484	1.749814	0	1.653592	0
485	1.748399	0	1.652799	0
486	1.747011	0	1.652022	0
487	1.74565	0	1.65126	0
488	1.744315	0	1.650512	0
489	1.743005	0	1.649778	0
490	1.74172	0	1.649058	0
491	1.740458	0	1.648351	0
492	1.739218	0	1.647657	0
493	1.738002	0	1.646975	0
494	1.736806	0	1.646305	0
495	1.735632	0	1.645647	0
496	1.734478	0	1.645	0
497	1.733344	0	1.644364	0
498	1.73223	0	1.643739	0
499	1.731134	0	1.643124	0
500	1.730057	0	1.64252	0
501	1.728997	0	1.641925	0
502	1.727955	0	1.64134	0
503	1.72693	0	1.640764	0
504	1.725921	0	1.640198	0
505	1.724928	0	1.63964	0
506	1.723951	0	1.639091	0
507	1.722989	0	1.63855	0
508	1.722042	0	1.638018	0
509	1.72111	0	1.637493	0
510	1.720192	0	1.636977	0
511	1.719288	0	1.636468	0
512	1.718397	0	1.635966	0
513	1.717519	0	1.635472	0
514	1.716655	0	1.634984	0
515	1.715803	0	1.634504	0
516	1.714963	0	1.63403	0
517	1.714135	0	1.633563	0
518	1.713319	0	1.633103	0
519	1.712515	0	1.632649	0
520	1.711722	0	1.6322	0
521	1.71094	0	1.631758	0
522	1.710168	0	1.631322	0
523	1.709407	0	1.630892	0
524	1.708657	0	1.630467	0
525	1.707917	0	1.630048	0
526	1.707186	0	1.629634	0
527	1.706465	0	1.629225	0
528	1.705754	0	1.628822	0
529	1.705052	0	1.628423	0
530	1.704359	0	1.62803	0
531	1.703675	0	1.627641	0
532	1.702999	0	1.627257	0
533	1.702332	0	1.626878	0
534	1.701674	0	1.626504	0
535	1.701024	0	1.626134	0
536	1.700382	0	1.625768	0
537	1.699748	0	1.625406	0
538	1.699121	0	1.625049	0
539	1.698502	0	1.624696	0
540	1.697891	0	1.624347	0
541	1.697287	0	1.624002	0
542	1.69669	0	1.62366	0
543	1.6961	0	1.623323	0
544	1.695517	0	1.622989	0
545	1.694941	0	1.622659	0
546	1.694372	0	1.622333	0
547	1.693809	0	1.62201	0
548	1.693253	0	1.621691	0
549	1.692703	0	1.621375	0
550	1.692159	0	1.621063	0
551	1.691621	0	1.620753	0
552	1.691089	0	1.620447	0
553	1.690563	0	1.620144	0
554	1.690043	0	1.619845	0
555	1.689529	0	1.619548	0
556	1.68902	0	1.619254	0
557	1.688517	0	1.618964	0
558	1.688019	0	1.618676	0
559	1.687526	0	1.618391	0
560	1.687039	0	1.618109	0
561	1.686557	0	1.61783	0
562	1.68608	0	1.617553	0
563	1.685608	0	1.617279	0
564	1.68514	0	1.617008	0
565	1.684678	0	1.616739	0
566	1.68422	0	1.616473	0
567	1.683767	0	1.616209	0
568	1.683319	0	1.615948	0
569	1.682875	0	1.615689	0
570	1.682436	0	1.615433	0
571	1.682001	0	1.615179	0
572	1.68157	0	1.614927	0
573	1.681143	0	1.614677	0
574	1.680721	0	1.61443	0
575	1.680303	0	1.614185	0
576	1.679889	0	1.613942	0
577	1.679478	0	1.613702	0
578	1.679072	0	1.613463	0
579	1.67867	0	1.613226	0
580	1.678271	0	1.612992	0
581	1.677877	0	1.612759	0
582	1.677486	0	1.612529	0
583	1.677098	0	1.6123	0
584	1.676714	0	1.612073	0
585	1.676334	0	1.611849	0
586	1.675957	0	1.611626	0
587	1.675584	0	1.611405	0
588	1.675214	0	1.611185	0
589	1.674847	0	1.610968	0
590	1.674484	0	1.610752	0
591	1.674124	0	1.610538	0
592	1.673767	0	1.610326	0
593	1.673414	0	1.610115	0
594	1.673063	0	1.609906	0
595	1.672716	0	1.609699	0
596	1.672372	0	1.609493	0
597	1.67203	0	1.609289	0
598	1.671692	0	1.609086	0
599	1.671356	0	1.608885	0
600	1.671024	0	1.608686	0
601	1.670694	0	1.608488	0
602	1.670367	0	1.608291	0
603	1.670043	0	1.608096	0
604	1.669721	0	1.607902	0
605	1.669402	0	1.60771	0
606	1.669086	0	1.607519	0
607	1.668773	0	1.60733	0
608	1.668462	0	1.607142	0
609	1.668154	0	1.606955	0
610	1.667848	0	1.60677	0
611	1.667544	0	1.606586	0
612	1.667243	0	1.606403	0
613	1.666945	0	1.606221	0
614	1.666649	0	1.606041	0
615	1.666355	0	1.605862	0
616	1.666064	0	1.605684	0
617	1.665775	0	1.605508	0
618	1.665488	0	1.605332	0
619	1.665204	0	1.605158	0
620	1.664921	0	1.604985	0
621	1.664641	0	1.604813	0
622	1.664364	0	1.604643	0
623	1.664088	0	1.604473	0
624	1.663814	0	1.604304	0
625	1.663543	0	1.604137	0
626	1.663273	0	1.603971	0
627	1.663006	0	1.603805	0
628	1.66274	0	1.603641	0
629	1.662477	0	1.603478	0
630	1.662215	0	1.603316	0
631	1.661956	0	1.603155	0
632	1.661698	0	1.602995	0
633	1.661443	0	1.602836	0
634	1.661189	0	1.602677	0
635	1.660937	0	1.60252	0
636	1.660687	0	1.602364	0
637	1.660439	0	1.602209	0
638	1.660192	0	1.602054	0
639	1.659948	0	1.601901	0
640	1.659705	0	1.601748	0
641	1.659464	0	1.601597	0
642	1.659224	0	1.601446	0
643	1.658987	0	1.601296	0
644	1.658751	0	1.601147	0
645	1.658516	0	1.600999	0
646	1.658283	0	1.600852	0
647	1.658052	0	1.600706	0
648	1.657823	0	1.60056	0
649	1.657595	0	1.600415	0
650	1.657368	0	1.600271	0
651	1.657144	0	1.600128	0
652	1.65692	0	1.599986	0
653	1.656699	0	1.599844	0
654	1.656478	0	1.599703	0
655	1.65626	0	1.599563	0
656	1.656042	0	1.599424	0
657	1.655827	0	1.599285	0
658	1.655612	0	1.599147	0
659	1.655399	0	1.59901	0
660	1.655188	0	1.598874	0
661	1.654978	0	1.598738	0
662	1.654769	0	1.598603	0
663	1.654562	0	1.598469	0
664	1.654355	0	1.598336	0
665	1.654151	0	1.598203	0
666	1.653947	0	1.598071	0
667	1.653745	0	1.597939	0
668	1.653545	0	1.597808	0
669	1.653345	0	1.597678	0
670	1.653147	0	1.597549	0
671	1.65295	0	1.59742	0
672	1.652755	0	1.597291	0
673	1.65256	0	1.597164	0
674	1.652367	0	1.597037	0
675	1.652175	0	1.59691	0
676	1.651984	0	1.596785	0
677	1.651794	0	1.596659	0
678	1.651606	0	1.596535	0
679	1.651419	0	1.596411	0
680	1.651233	0	1.596287	0
681	1.651048	0	1.596164	0
682	1.650864	0	1.596042	0
683	1.650681	0	1.59592	0
684	1.6505	0	1.595799	0
685	1.650319	0	1.595679	0
686	1.65014	0	1.595559	0
687	1.649961	0	1.595439	0
688	1.649784	0	1.59532	0
689	1.649608	0	1.595202	0
690	1.649433	0	1.595084	0
691	1.649258	0	1.594966	0
692	1.649085	0	1.594849	0
693	1.648913	0	1.594733	0
694	1.648742	0	1.594617	0
695	1.648572	0	1.594502	0
696	1.648403	0	1.594387	0
697	1.648235	0	1.594272	0
698	1.648067	0	1.594159	0
699	1.647901	0	1.594045	0
700	1.647736	0	1.593932	0
701	1.647572	0	1.59382	0
702	1.647408	0	1.593708	0
703	1.647246	0	1.593596	0
704	1.647084	0	1.593485	0
705	1.646924	0	1.593374	0
706	1.646764	0	1.593264	0
707	1.646605	0	1.593154	0
708	1.646447	0	1.593045	0
709	1.64629	0	1.592936	0
710	1.646134	0	1.592827	0
711	1.645979	0	1.592719	0
712	1.645824	0	1.592612	0
713	1.64567	0	1.592504	0
714	1.645518	0	1.592398	0
715	1.645366	0	1.592291	0
716	1.645215	0	1.592185	0
717	1.645064	0	1.59208	0
718	1.644915	0	1.591974	0
719	1.644766	0	1.591869	0
720	1.644618	0	1.591765	0
721	1.644471	0	1.591661	0
722	1.644325	0	1.591557	0
723	1.644179	0	1.591454	0
724	1.644034	0	1.591351	0
725	1.64389	0	1.591249	0
726	1.643747	0	1.591146	0
727	1.643604	0	1.591045	0
728	1.643462	0	1.590943	0
729	1.643321	0	1.590842	0
730	1.643181	0	1.590741	0
731	1.643041	0	1.590641	0
732	1.642902	0	1.590541	0
733	1.642764	0	1.590441	0
734	1.642627	0	1.590342	0
735	1.64249	0	1.590243	0
736	1.642354	0	1.590144	0
737	1.642218	0	1.590046	0
738	1.642084	0	1.589947	0
739	1.64195	0	1.58985	0
740	1.641816	0	1.589752	0
741	1.641683	0	1.589655	0
742	1.641551	0	1.589558	0
743	1.64142	0	1.589462	0
744	1.641289	0	1.589366	0
745	1.641159	0	1.58927	0
746	1.64103	0	1.589175	0
747	1.640901	0	1.589079	0
748	1.640772	0	1.588984	0
749	1.640645	0	1.58889	0
750	1.640518	0	1.588795	0
751	1.640391	0	1.588701	0
752	1.640266	0	1.588608	0
753	1.640141	0	1.588514	0
754	1.640016	0	1.588421	0
755	1.639892	0	1.588328	0
756	1.639769	0	1.588235	0
757	1.639646	0	1.588143	0
758	1.639524	0	1.588051	0
759	1.639402	0	1.587959	0
760	1.639281	0	1.587867	0
761	1.63916	0	1.587776	0
762	1.63904	0	1.587685	0
763	1.638921	0	1.587594	0
764	1.638802	0	1.587504	0
765	1.638684	0	1.587413	0
766	1.638566	0	1.587323	0
767	1.638449	0	1.587234	0
768	1.638332	0	1.587144	0
769	1.638216	0	1.587055	0
770	1.6381	0	1.586966	0
771	1.637985	0	1.586877	0
772	1.637871	0	1.586788	0
773	1.637756	0	1.5867	0
774	1.637643	0	1.586612	0
775	1.63753	0	1.586524	0
776	1.637417	0	1.586437	0
777	1.637305	0	1.586349	0
778	1.637194	0	1.586262	0
779	1.637082	0	1.586175	0
780	1.636972	0	1.586088	0
781	1.636862	0	1.586002	0
782	1.636752	0	1.585916	0
783	1.636643	0	1.585829	0
784	1.636534	0	1.585744	0
785	1.636426	0	1.585658	0
786	1.636318	0	1.585573	0
787	1.636211	0	1.585487	0
788	1.636104	0	1.585402	0
789	1.635998	0	1.585318	0
790	1.635892	0	1.585233	0
791	1.635787	0	1.585149	0
792	1.635682	0	1.585064	0
793	1.635577	0	1.58498	0
794	1.635473	0	1.584897	0
795	1.635369	0	1.584813	0
796	1.635266	0	1.58473	0
797	1.635163	0	1.584646	0
798	1.635061	0	1.584563	0
799	1.634959	0	1.584481	0
800	1.634857	0	1.584398	0
801	1.634756	0	1.584315	0
802	1.634655	0	1.584233	0
803	1.634555	0	1.584151	0
804	1.634455	0	1.584069	0
805	1.634355	0	1.583987	0
806	1.634256	0	1.583906	0
807	1.634157	0	1.583824	0
808	1.634059	0	1.583743	0
809	1.633961	0	1.583662	0
810	1.633863	0	1.583581	0
811	1.633766	0	1.5835	0
812	1.63367	0	1.58342	0
813	1.633573	0	1.583339	0
814	1.633477	0	1.583259	0
815	1.633381	0	1.583179	0
816	1.633286	0	1.583099	0
817	1.633191	0	1.583019	0
818	1.633097	0	1.58294	0
819	1.633003	0	1.58286	0
820	1.632909	0	1.582781	0
821	1.632815	0	1.582702	0
822	1.632722	0	1.582623	0
823	1.63263	0	1.582544	0
824	1.632537	0	1.582466	0
825	1.632445	0	1.582387	0
826	1.632354	0	1.582309	0
827	1.632262	0	1.582231	0
828	1.632171	0	1.582153	0
829	1.632081	0	1.582075	0
830	1.63199	0	1.581997	0
831	1.631901	0	1.581919	0
832	1.631811	0	1.581842	0
833	1.631722	0	1.581764	0
834	1.631633	0	1.581687	0
835	1.631544	0	1.58161	0
836	1.631456	0	1.581533	0
837	1.631368	0	1.581456	0
838	1.63128	0	1.58138	0
839	1.631193	0	1.581303	0
840	1.631106	0	1.581227	0
841	1.631019	0	1.58115	0
842	1.630933	0	1.581074	0
843	1.630847	0	1.580998	0
844	1.630761	0	1.580922	0
845	1.630675	0	1.580847	0
846	1.63059	0	1.580771	0
847	1.630505	0	1.580695	0
848	1.630421	0	1.58062	0
849	1.630336	0	1.580545	0
850	1.630252	0	1.58047	0
851	1.630169	0	1.580395	0
852	1.630085	0	1.58032	0
853	1.630002	0	1.580245	0
854	1.629919	0	1.58017	0
855	1.629837	0	1.580096	0
856	1.629755	0	1.580021	0
857	1.629673	0	1.579947	0
858	1.629591	0	1.579872	0
859	1.62951	0	1.579798	0
860	1.629429	0	1.579724	0
861	1.629348	0	1.57965	0
862	1.629267	0	1.579576	0
863	1.629187	0	1.579503	0
864	1.629107	0	1.579429	0
865	1.629027	0	1.579356	0
866	1.628948	0	1.579282	0
867	1.628868	0	1.579209	0
868	1.628789	0	1.579136	0
869	1.628711	0	1.579063	0
870	1.628632	0	1.57899	0
871	1.628554	0	1.578917	0
872	1.628476	0	1.578844	0
873	1.628398	0	1.578771	0
874	1.628321	0	1.578699	0
875	1.628244	0	1.578626	0
876	1.628167	0	1.578554	0
877	1.62809	0	1.578482	0
878	1.628014	0	1.578409	0
879	1.627938	0	1.578337	0
880	1.627862	0	1.578265	0
881	1.627786	0	1.578193	0
882	1.627711	0	1.578121	0
883	1.627635	0	1.57805	0
884	1.62756	0	1.577978	0
885	1.627486	0	1.577906	0
886	1.627411	0	1.577835	0
887	1.627337	0	1.577764	0
888	1.627263	0	1.577692	0
889	1.627189	0	1.577621	0
890	1.627115	0	1.57755	0
891	1.627042	0	1.577479	0
892	1.626969	0	1.577408	0
893	1.626896	0	1.577337	0
894	1.626823	0	1.577266	0
895	1.626751	0	1.577195	0
896	1.626679	0	1.577124	0
897	1.626607	0	1.577054	0
898	1.626535	0	1.576983	0
899	1.626463	0	1.576913	0
900	1.626392	0	1.576843	0
901	1.626321	0	1.576772	0
902	1.62625	0	1.576702	0
903	1.626179	0	1.576632	0
904	1.626108	0	1.576562	0
905	1.626038	0	1.576492	0
906	1.625968	0	1.576422	0
907	1.625898	0	1.576352	0
908	1.625828	0	1.576282	0
909	1.625759	0	1.576213	0
910	1.62569	0	1.576143	0
911	1.62562	0	1.576073	0
912	1.625552	0	1.576004	0
913	1.625483	0	1.575934	0
914	1.625414	0	1.575865	0
915	1.625346	0	1.575796	0
916	1.625278	0	1.575726	0
917	1.62521	0	1.575657	0
918	1.625142	0	1.575588	0
919	1.625075	0	1.575519	0
920	1.625007	0	1.57545	0
921	1.62494	0	1.575381	0
922	1.624873	0	1.575312	0
923	1.624806	0	1.575243	0
924	1.62474	0	1.575175	0
925	1.624673	0	1.575106	0
926	1.624607	0	1.575037	0
927	1.624541	0	1.574969	0
928	1.624475	0	1.5749	0
929	1.624409	0	1.574832	0
930	1.624344	0	1.574764	0
931	1.624279	0	1.574695	0
932	1.624213	0	1.574627	0
933	1.624148	0	1.574559	0
934	1.624084	0	1.57449	0
935	1.624019	0	1.574422	0
936	1.623955	0	1.574354	0
937	1.62389	0	1.574286	0
938	1.623826	0	1.574218	0
939	1.623762	0	1.57415	0
940	1.623698	0	1.574082	0
941	1.623635	0	1.574015	0
942	1.623571	0	1.573947	0
943	1.623508	0	1.573879	0
944	1.623445	0	1.573812	0
945	1.623382	0	1.573744	0
946	1.623319	0	1.573676	0
947	1.623257	0	1.573609	0
948	1.623194	0	1.573541	0
949	1.623132	0	1.573474	0
950	1.62307	0	1.573407	0
951	1.623008	0	1.573339	0
952	1.622946	0	1.573272	0
953	1.622884	0	1.573205	0
954	1.622823	0	1.573138	0
955	1.622761	0	1.57307	0
956	1.6227	0	1.573003	0
957	1.622639	0	1.572936	0
958	1.622578	0	1.572869	0
959	1.622517	0	1.572802	0
960	1.622457	0	1.572735	0
961	1.622396	0	1.572668	0
962	1.622336	0	1.572601	0
963	1.622276	0	1.572535	0
964	1.622216	0	1.572468	0
965	1.622156	0	1.572401	0
966	1.622096	0	1.572334	0
967	1.622036	0	1.572268	0
968	1.621977	0	1.572201	0
969	1.621918	0	1.572134	0
970	1.621858	0	1.572068	0
971	1.621799	0	1.572001	0
972	1.621741	0	1.571935	0
973	1.621682	0	1.571869	0
974	1.621623	0	1.571802	0
975	1.621565	0	1.571736	0
976	1.621506	0	1.571669	0
977	1.621448	0	1.571603	0
978	1.62139	0	1.571537	0
979	1.621332	0	1.57147	0
980	1.621274	0	1.571404	0
981	1.621217	0	1.571338	0
982	1.621159	0	1.571272	0
983	1.621102	0	1.571206	0
984	1.621045	0	1.57114	0
985	1.620987	0	1.571074	0
986	1.62093	0	1.571008	0
987	1.620873	0	1.570942	0
988	1.620817	0	1.570876	0
989	1.62076	0	1.57081	0
990	1.620704	0	1.570744	0
991	1.620647	0	1.570678	0
992	1.620591	0	1.570612	0
993	1.620535	0	1.570546	0
994	1.620479	0	1.570481	0
995	1.620423	0	1.570415	0
996	1.620367	0	1.570349	0
997	1.620311	0	1.570283	0
998	1.620256	0	1.570218	0
999	1.620201	0	1.570152	0
1000	1.620145	0	1.570086	0
1002.5	1.620008	0	1.569922	0
1005	1.619871	0	1.569758	0
1007.5	1.619734	0	1.569595	0
1010	1.619599	0	1.569431	0
1012.5	1.619464	0	1.569268	0
1015	1.61933	0	1.569104	0
1017.5	1.619196	0	1.568941	0
1020	1.619064	0	1.568778	0
1022.5	1.618932	0	1.568615	0
1025	1.6188	0	1.568452	0
1027.5	1.618669	0	1.568289	0
1030	1.618539	0	1.568127	0
1032.5	1.61841	0	1.567964	0
1035	1.618281	0	1.567802	0
1037.5	1.618152	0	1.567639	0
1040	1.618024	0	1.567477	0
1042.5	1.617897	0	1.567315	0
1045	1.617771	0	1.567152	0
1047.5	1.617645	0	1.56699	0
1050	1.617519	0	1.566828	0
1052.5	1.617395	0	1.566666	0
1055	1.61727	0	1.566504	0
1057.5	1.617147	0	1.566342	0
1060	1.617023	0	1.56618	0
1062.5	1.616901	0	1.566019	0
1065	1.616779	0	1.565857	0
1067.5	1.616657	0	1.565695	0
1070	1.616536	0	1.565533	0
1072.5	1.616415	0	1.565372	0
1075	1.616295	0	1.56521	0
1077.5	1.616175	0	1.565048	0
1080	1.616056	0	1.564887	0
1082.5	1.615938	0	1.564725	0
1085	1.615819	0	1.564564	0
1087.5	1.615702	0	1.564402	0
1090	1.615584	0	1.56424	0
1092.5	1.615468	0	1.564079	0
1095	1.615351	0	1.563917	0
1097.5	1.615235	0	1.563755	0
1100	1.61512	0	1.563594	0
1102.5	1.615005	0	1.563432	0
1105	1.61489	0	1.56327	0
1107.5	1.614776	0	1.563109	0
1110	1.614662	0	1.562947	0
1112.5	1.614549	0	1.562785	0
1115	1.614436	0	1.562624	0
1117.5	1.614323	0	1.562462	0
1120	1.614211	0	1.5623	0
1122.5	1.614099	0	1.562138	0
1125	1.613988	0	1.561976	0
1127.5	1.613877	0	1.561814	0
1130	1.613766	0	1.561652	0
1132.5	1.613655	0	1.56149	0
1135	1.613546	0	1.561328	0
1137.5	1.613436	0	1.561166	0
1140	1.613327	0	1.561003	0
1142.5	1.613218	0	1.560841	0
1145	1.613109	0	1.560679	0
1147.5	1.613001	0	1.560516	0
1150	1.612893	0	1.560354	0
1152.5	1.612785	0	1.560191	0
1155	1.612678	0	1.560029	0
1157.5	1.612571	0	1.559866	0
1160	1.612465	0	1.559703	0
1162.5	1.612358	0	1.55954	0
1165	1.612252	0	1.559378	0
1167.5	1.612146	0	1.559214	0
1170	1.612041	0	1.559051	0
1172.5	1.611936	0	1.558888	0
1175	1.611831	0	1.558725	0
1177.5	1.611727	0	1.558562	0
1180	1.611622	0	1.558398	0
1182.5	1.611518	0	1.558235	0
1185	1.611415	0	1.558071	0
1187.5	1.611311	0	1.557907	0
1190	1.611208	0	1.557743	0
1192.5	1.611105	0	1.557579	0
1195	1.611003	0	1.557415	0
1197.5	1.6109	0	1.557251	0
1200	1.610798	0	1.557087	0
1202.5	1.610696	0	1.556922	0
1205	1.610595	0	1.556758	0
1207.5	1.610493	0	1.556593	0
1210	1.610392	0	1.556428	0
1212.5	1.610291	0	1.556264	0
1215	1.610191	0	1.556099	0
1217.5	1.61009	0	1.555933	0
1220	1.60999	0	1.555768	0
1222.5	1.60989	0	1.555603	0
1225	1.60979	0	1.555437	0
1227.5	1.609691	0	1.555272	0
1230	1.609591	0	1.555106	0
1232.5	1.609492	0	1.55494	0
1235	1.609393	0	1.554774	0
1237.5	1.609294	0	1.554608	0
1240	1.609196	0	1.554442	0
1242.5	1.609098	0	1.554275	0
1245	1.609	0	1.554109	0
1247.5	1.608902	0	1.553942	0
1250	1.608804	0	1.553775	0
1252.5	1.608706	0	1.553608	0
1255	1.608609	0	1.553441	0
1257.5	1.608512	0	1.553274	0
1260	1.608415	0	1.553106	0
1262.5	1.608318	0	1.552938	0
1265	1.608221	0	1.552771	0
1267.5	1.608125	0	1.552603	0
1270	1.608029	0	1.552435	0
1272.5	1.607933	0	1.552266	0
1275	1.607837	0	1.552098	0
1277.5	1.607741	0	1.55193	0
1280	1.607645	0	1.551761	0
1282.5	1.60755	0	1.551592	0
1285	1.607455	0	1.551423	0
1287.5	1.607359	0	1.551254	0
1290	1.607264	0	1.551084	0
1292.5	1.60717	0	1.550915	0
1295	1.607075	0	1.550745	0
1297.5	1.60698	0	1.550575	0
1300	1.606886	0	1.550405	0
1302.5	1.606792	0	1.550235	0
1305	1.606697	0	1.550065	0
1307.5	1.606603	0	1.549894	0
1310	1.60651	0	1.549723	0
1312.5	1.606416	0	1.549552	0
1315	1.606322	0	1.549381	0
1317.5	1.606229	0	1.54921	0
1320	1.606135	0	1.549039	0
1322.5	1.606042	0	1.548867	0
1325	1.605949	0	1.548695	0
1327.5	1.605856	0	1.548523	0
1330	1.605763	0	1.548351	0
1332.5	1.605671	0	1.548179	0
1335	1.605578	0	1.548006	0
1337.5	1.605485	0	1.547833	0
1340	1.605393	0	1.54766	0
1342.5	1.605301	0	1.547487	0
1345	1.605209	0	1.547314	0
1347.5	1.605116	0	1.54714	0
1350	1.605024	0	1.546967	0
1352.5	1.604933	0	1.546793	0
1355	1.604841	0	1.546619	0
1357.5	1.604749	0	1.546444	0
1360	1.604658	0	1.54627	0
1362.5	1.604566	0	1.546095	0
1365	1.604475	0	1.54592	0
1367.5	1.604383	0	1.545745	0
1370	1.604292	0	1.54557	0
1372.5	1.604201	0	1.545394	0
1375	1.60411	0	1.545219	0
1377.5	1.604019	0	1.545043	0
1380	1.603928	0	1.544867	0
1382.5	1.603838	0	1.54469	0
1385	1.603747	0	1.544514	0
1387.5	1.603656	0	1.544337	0
1390	1.603566	0	1.54416	0
1392.5	1.603475	0	1.543983	0
1395	1.603385	0	1.543806	0
1397.5	1.603295	0	1.543628	0
1400	1.603204	0	1.54345	0
1402.5	1.603114	0	1.543272	0
1405	1.603024	0	1.543094	0
1407.5	1.602934	0	1.542916	0
1410	1.602844	0	1.542737	0
1412.5	1.602754	0	1.542558	0
1415	1.602664	0	1.542379	0
1417.5	1.602575	0	1.5422	0
1420	1.602485	0	1.54202	0
1422.5	1.602395	0	1.541841	0
1425	1.602306	0	1.541661	0
1427.5	1.602216	0	1.541481	0
1430	1.602127	0	1.5413	0
1432.5	1.602037	0	1.54112	0
1435	1.601948	0	1.540939	0
1437.5	1.601858	0	1.540758	0
1440	1.601769	0	1.540576	0
1442.5	1.60168	0	1.540395	0
1445	1.601591	0	1.540213	0
1447.5	1.601502	0	1.540031	0
1450	1.601413	0	1.539849	0
1452.5	1.601324	0	1.539667	0
1455	1.601235	0	1.539484	0
1457.5	1.601146	0	1.539301	0
1460	1.601057	0	1.539118	0
1462.5	1.600968	0	1.538935	0
1465	1.600879	0	1.538751	0
1467.5	1.60079	0	1.538567	0
1470	1.600701	0	1.538383	0
1472.5	1.600613	0	1.538199	0
1475	1.600524	0	1.538014	0
1477.5	1.600435	0	1.53783	0
1480	1.600347	0	1.537645	0
1482.5	1.600258	0	1.537459	0
1485	1.60017	0	1.537274	0
1487.5	1.600081	0	1.537088	0
1490	1.599993	0	1.536902	0
1492.5	1.599904	0	1.536716	0
1495	1.599816	0	1.53653	0
1497.5	1.599727	0	1.536343	0
1500	1.599639	0	1.536156	0
1502.5	1.599551	0	1.535969	0
1505	1.599462	0	1.535782	0
1507.5	1.599374	0	1.535594	0
1510	1.599286	0	1.535406	0
1512.5	1.599197	0	1.535218	0
1515	1.599109	0	1.53503	0
1517.5	1.599021	0	1.534841	0
1520	1.598933	0	1.534652	0
1522.5	1.598844	0	1.534463	0
1525	1.598756	0	1.534274	0
1527.5	1.598668	0	1.534085	0
1530	1.59858	0	1.533895	0
1532.5	1.598492	0	1.533705	0
1535	1.598403	0	1.533514	0
1537.5	1.598315	0	1.533324	0
1540	1.598227	0	1.533133	0
1542.5	1.598139	0	1.532942	0
1545	1.598051	0	1.532751	0
1547.5	1.597963	0	1.532559	0
1550	1.597875	0	1.532367	0
1552.5	1.597787	0	1.532175	0
1555	1.597699	0	1.531983	0
1557.5	1.59761	0	1.53179	0
1560	1.597522	0	1.531597	0
1562.5	1.597434	0	1.531404	0
1565	1.597346	0	1.531211	0
1567.5	1.597258	0	1.531017	0
1570	1.59717	0	1.530823	0
1572.5	1.597082	0	1.530629	0
1575	1.596994	0	1.530435	0
1577.5	1.596906	0	1.53024	0
1580	1.596818	0	1.530046	0
1582.5	1.59673	0	1.52985	0
1585	1.596642	0	1.529655	0
1587.5	1.596554	0	1.529459	0
1590	1.596465	0	1.529263	0
1592.5	1.596377	0	1.529067	0
1595	1.596289	0	1.528871	0
1597.5	1.596201	0	1.528674	0
1600	1.596113	0	1.528477	0
1602.5	1.596025	0	1.52828	0
1605	1.595937	0	1.528082	0
1607.5	1.595848	0	1.527884	0
1610	1.59576	0	1.527686	0
1612.5	1.595672	0	1.527488	0
1615	1.595584	0	1.52729	0
1617.5	1.595496	0	1.527091	0
1620	1.595407	0	1.526892	0
1622.5	1.595319	0	1.526692	0
1625	1.595231	0	1.526493	0
1627.5	1.595143	0	1.526293	0
1630	1.595055	0	1.526093	0
1632.5	1.594966	0	1.525892	0
1635	1.594878	0	1.525692	0
1637.5	1.59479	0	1.525491	0
1640	1.594701	0	1.525289	0
1642.5	1.594613	0	1.525088	0
1645	1.594524	0	1.524886	0
1647.5	1.594436	0	1.524684	0
1650	1.594347	0	1.524482	0
1652.5	1.594259	0	1.524279	0
1655	1.594171	0	1.524076	0
1657.5	1.594082	0	1.523873	0
1660	1.593994	0	1.52367	0
1662.5	1.593905	0	1.523466	0
1665	1.593816	0	1.523262	0
1667.5	1.593728	0	1.523058	0
1670	1.593639	0	1.522853	0
1672.5	1.59355	0	1.522649	0
1675	1.593462	0	1.522444	0
1677.5	1.593373	0	1.522238	0
1680	1.593284	0	1.522033	0
1682.5	1.593196	0	1.521827	0
1685	1.593107	0	1.521621	0
1687.5	1.593018	0	1.521414	0
1690	1.592929	0	1.521208	0
