Opt. Const. of PFO158 vs. nm,,,,
nm	"n	 Ordinary"	"k	 Ordinary"	"n	 Extra-ordinary"	"k	 Extra-ordinary"
300	1.495456	0.069278	1.531579	0.021457
300.299988	1.494664	0.06929	1.531212	0.02141
300.600006	1.493871	0.069303	1.530845	0.021364
300.899994	1.493078	0.069316	1.530477	0.021317
301.200012	1.492265	0.069345	1.530075	0.021312
301.5	1.491441	0.069381	1.529655	0.021328
301.799988	1.490616	0.069417	1.529235	0.021343
302.100006	1.489779	0.069456	1.528807	0.021387
302.399994	1.488919	0.069499	1.528367	0.021487
302.700012	1.488059	0.069543	1.527926	0.021586
303	1.487198	0.069587	1.527485	0.021685
303.299988	1.486282	0.06965	1.527068	0.021861
303.600006	1.485366	0.069714	1.526651	0.022036
303.899994	1.48445	0.069778	1.526234	0.022211
304.200012	1.483502	0.069875	1.525848	0.022419
304.5	1.482539	0.069989	1.525477	0.022642
304.799988	1.481575	0.070103	1.525105	0.022866
305.100006	1.480608	0.070235	1.524751	0.023098
305.399994	1.479633	0.070405	1.524433	0.023344
305.700012	1.478658	0.070575	1.524114	0.02359
306	1.477682	0.070745	1.523795	0.023836
306.299988	1.476713	0.070946	1.523524	0.024079
306.600006	1.475744	0.071148	1.523254	0.024322
306.899994	1.474773	0.07135	1.522983	0.024566
307.200012	1.473805	0.071558	1.52273	0.024796
307.5	1.472836	0.071769	1.522487	0.02502
307.799988	1.471868	0.07198	1.522244	0.025244
308.100006	1.470894	0.072188	1.522004	0.025464
308.399994	1.469911	0.072391	1.521771	0.025674
308.700012	1.468928	0.072593	1.521538	0.025885
309	1.467944	0.072796	1.521305	0.026096
309.299988	1.466904	0.072985	1.521077	0.026302
309.600006	1.465864	0.073173	1.520849	0.026509
309.899994	1.464823	0.073362	1.520622	0.026716
310.200012	1.46372	0.073579	1.5204	0.026925
310.5	1.462587	0.073811	1.52018	0.027136
310.799988	1.461452	0.074043	1.519961	0.027347
311.100006	1.460301	0.074315	1.519748	0.027562
311.399994	1.459119	0.074665	1.519549	0.027784
311.700012	1.457935	0.075016	1.51935	0.028007
312	1.456751	0.075367	1.519151	0.02823
312.299988	1.455626	0.075817	1.518997	0.028451
312.600006	1.4545	0.076267	1.518843	0.028672
312.899994	1.453374	0.076718	1.518689	0.028893
313.200012	1.452299	0.077167	1.518567	0.029091
313.5	1.451251	0.077614	1.518462	0.029278
313.799988	1.450201	0.078062	1.518356	0.029464
314.100006	1.44915	0.078489	1.518263	0.029629
314.399994	1.448096	0.078873	1.518192	0.02975
314.700012	1.44704	0.079258	1.518121	0.02987
315	1.445985	0.079643	1.518051	0.029991
315.299988	1.444857	0.080011	1.517984	0.030015
315.600006	1.443729	0.08038	1.517916	0.030039
315.899994	1.442601	0.080749	1.517849	0.030063
316.200012	1.441428	0.081143	1.51774	0.030009
316.5	1.440233	0.08155	1.517611	0.029915
316.799988	1.439037	0.081958	1.517481	0.029821
317.100006	1.43783	0.082379	1.517303	0.029705
317.399994	1.436601	0.082827	1.517028	0.029543
317.700012	1.435371	0.083275	1.516753	0.029382
318	1.43414	0.083725	1.516477	0.02922
318.299988	1.432871	0.084191	1.516032	0.029077
318.600006	1.4316	0.084658	1.515587	0.028935
318.899994	1.430329	0.085126	1.515141	0.028791
319.200012	1.429003	0.085611	1.514593	0.028716
319.5	1.427649	0.086104	1.513992	0.028675
319.799988	1.426294	0.086599	1.513391	0.028633
320.100006	1.424906	0.087121	1.512755	0.028652
320.399994	1.423455	0.087698	1.512049	0.028792
320.700012	1.422003	0.088276	1.511342	0.028932
321	1.420549	0.088856	1.510635	0.029073
321.299988	1.419039	0.089569	1.509933	0.029456
321.600006	1.417527	0.090283	1.509232	0.029839
321.899994	1.416014	0.090998	1.508531	0.030223
322.200012	1.414502	0.091802	1.507925	0.030736
322.5	1.412989	0.092652	1.507366	0.031313
322.799988	1.411475	0.093503	1.506807	0.031891
323.100006	1.40997	0.094392	1.506315	0.032501
323.399994	1.408485	0.095356	1.505957	0.033175
323.700012	1.407	0.096321	1.505598	0.033849
324	1.405514	0.097289	1.50524	0.034524
324.299988	1.404075	0.098342	1.505095	0.035202
324.600006	1.402636	0.099398	1.504949	0.03588
324.899994	1.401197	0.100456	1.504804	0.036558
325.200012	1.399792	0.101551	1.504788	0.037178
325.5	1.398404	0.102666	1.504836	0.03777
325.799988	1.397015	0.103784	1.504884	0.038362
326.100006	1.395638	0.104913	1.504975	0.038898
326.399994	1.394285	0.106062	1.505151	0.039325
326.700012	1.392932	0.107213	1.505327	0.039751
327	1.391579	0.108367	1.505503	0.040178
327.299988	1.390235	0.109549	1.505714	0.040425
327.600006	1.388892	0.110733	1.505924	0.040673
327.899994	1.387548	0.111919	1.506135	0.04092
328.200012	1.386205	0.113133	1.506331	0.041061
328.5	1.384863	0.114363	1.50652	0.04115
328.799988	1.38352	0.115594	1.506708	0.041238
329.100006	1.382179	0.116843	1.506877	0.04128
329.399994	1.380842	0.118123	1.507006	0.041229
329.700012	1.379505	0.119407	1.507135	0.041179
330	1.378168	0.120692	1.507263	0.041128
330.299988	1.376839	0.122019	1.507299	0.040957
330.600006	1.37551	0.123349	1.507335	0.040785
330.899994	1.374182	0.124681	1.507371	0.040614
331.200012	1.372854	0.126037	1.507321	0.040375
331.5	1.371526	0.127407	1.507229	0.040103
331.799988	1.370199	0.128779	1.507137	0.03983
332.100006	1.368867	0.130166	1.506987	0.039537
332.399994	1.367528	0.131578	1.506723	0.039203
332.700012	1.366188	0.132993	1.506458	0.038868
333	1.364849	0.134411	1.506194	0.038534
333.299988	1.36349	0.135875	1.505739	0.038201
333.600006	1.362132	0.137343	1.505284	0.037867
333.899994	1.360774	0.138813	1.504829	0.037533
334.200012	1.359401	0.140322	1.50425	0.037241
334.5	1.358021	0.141851	1.503609	0.036968
334.799988	1.356642	0.143383	1.502968	0.036696
335.100006	1.355255	0.144936	1.502271	0.036463
335.399994	1.353851	0.14653	1.501465	0.03631
335.700012	1.352449	0.148128	1.500658	0.036158
336	1.351047	0.149728	1.49985	0.036005
336.299988	1.34961	0.15139	1.498921	0.036028
336.600006	1.348174	0.153055	1.497991	0.036051
336.899994	1.346739	0.154724	1.497061	0.036075
337.200012	1.34526	0.156445	1.496104	0.036239
337.5	1.34376	0.158195	1.495134	0.036474
337.799988	1.342262	0.159949	1.494163	0.036709
338.100006	1.340739	0.161752	1.493205	0.037004
338.399994	1.339168	0.163647	1.492271	0.03742
338.700012	1.337597	0.165547	1.491337	0.037836
339	1.336028	0.167452	1.490402	0.038252
339.299988	1.334425	0.169556	1.48954	0.038805
339.600006	1.332824	0.171664	1.488678	0.039359
339.899994	1.331224	0.173778	1.487816	0.039914
340.200012	1.329663	0.176035	1.487014	0.040532
340.5	1.328121	0.178366	1.486242	0.041182
340.799988	1.326583	0.180703	1.485469	0.041832
341.100006	1.325083	0.183096	1.484727	0.042501
341.399994	1.323655	0.185596	1.484045	0.043207
341.700012	1.322231	0.188101	1.483364	0.043913
342	1.320811	0.190611	1.482683	0.04462
342.299988	1.319499	0.193226	1.482075	0.045343
342.600006	1.318192	0.195845	1.481468	0.046067
342.899994	1.31689	0.198468	1.480861	0.046792
343.200012	1.315641	0.201148	1.480277	0.04752
343.5	1.314421	0.203858	1.479705	0.04825
343.799988	1.313207	0.206573	1.479133	0.04898
344.100006	1.312016	0.209319	1.478565	0.049718
344.399994	1.310869	0.212126	1.478007	0.05047
344.700012	1.309728	0.214936	1.477449	0.051223
345	1.308592	0.21775	1.476891	0.051976
345.299988	1.307509	0.220659	1.47634	0.052766
345.600006	1.306433	0.223571	1.475791	0.053557
345.899994	1.305363	0.226487	1.475241	0.054349
346.200012	1.304326	0.229479	1.474698	0.055176
346.5	1.303309	0.23251	1.474159	0.056021
346.799988	1.302299	0.235544	1.47362	0.056867
347.100006	1.301312	0.238626	1.473088	0.057736
347.399994	1.300364	0.241799	1.47257	0.058651
347.700012	1.299425	0.244974	1.472052	0.059566
348	1.298493	0.248153	1.471535	0.060481
348.299988	1.29764	0.251485	1.47106	0.061477
348.600006	1.296796	0.254819	1.470587	0.062473
348.899994	1.29596	0.258155	1.470113	0.06347
349.200012	1.295202	0.261597	1.469689	0.064513
349.5	1.294486	0.265091	1.469291	0.06558
349.799988	1.29378	0.268587	1.468893	0.066647
350.100006	1.293126	0.272135	1.468525	0.06773
350.399994	1.292567	0.275782	1.468216	0.068844
350.700012	1.292018	0.27943	1.467908	0.069958
351	1.29148	0.28308	1.4676	0.071073
351.299988	1.291111	0.286868	1.467385	0.072211
351.600006	1.290753	0.290657	1.46717	0.07335
351.899994	1.290405	0.294445	1.466957	0.074489
352.200012	1.290194	0.298303	1.466803	0.075629
352.5	1.290056	0.302196	1.466679	0.07677
352.799988	1.289929	0.306087	1.466556	0.077911
353.100006	1.289877	0.309999	1.466461	0.079045
353.399994	1.289963	0.313952	1.466418	0.080168
353.700012	1.29006	0.317902	1.466375	0.08129
354	1.290169	0.321849	1.466334	0.082413
354.299988	1.290459	0.325829	1.46635	0.083499
354.600006	1.29076	0.329805	1.466366	0.084586
354.899994	1.291072	0.333775	1.466384	0.085672
355.200012	1.291491	0.337768	1.46642	0.086737
355.5	1.291968	0.341768	1.466466	0.087791
355.799988	1.292457	0.345762	1.466513	0.088845
356.100006	1.293004	0.349768	1.466565	0.089893
356.399994	1.293658	0.353804	1.466626	0.09093
356.700012	1.294322	0.357832	1.466687	0.091966
357	1.294996	0.361854	1.46675	0.093003
357.299988	1.295843	0.365929	1.46682	0.094037
357.600006	1.2967	0.369996	1.466892	0.09507
357.899994	1.297567	0.374054	1.466963	0.096104
358.200012	1.298568	0.378129	1.46704	0.097145
358.5	1.299641	0.382207	1.467121	0.09819
358.799988	1.300723	0.386276	1.467201	0.099234
359.100006	1.301875	0.390335	1.467286	0.100287
359.399994	1.303156	0.394385	1.467379	0.101355
359.700012	1.304445	0.398425	1.467473	0.102423
360	1.305742	0.402454	1.467567	0.103491
360.299988	1.307198	0.406449	1.467683	0.104595
360.600006	1.308661	0.410432	1.4678	0.105698
360.899994	1.310131	0.414403	1.467917	0.106802
361.200012	1.311678	0.418358	1.46806	0.107931
361.5	1.313267	0.422297	1.468215	0.109073
361.799988	1.314862	0.426226	1.468372	0.110215
362.100006	1.316496	0.430152	1.468545	0.111369
362.399994	1.318199	0.434086	1.468751	0.112545
362.700012	1.319908	0.438007	1.468957	0.113721
363	1.321623	0.441917	1.469165	0.114897
363.299988	1.323452	0.445876	1.469428	0.116103
363.600006	1.325287	0.449821	1.469692	0.117309
363.899994	1.327126	0.453755	1.469956	0.118514
364.200012	1.329061	0.45773	1.470262	0.119736
364.5	1.331046	0.461719	1.47059	0.120967
364.799988	1.333035	0.465694	1.470918	0.122198
365.100006	1.335084	0.469687	1.471269	0.123435
365.399994	1.337248	0.473728	1.471666	0.124687
365.700012	1.339416	0.477754	1.472063	0.125939
366	1.341587	0.481767	1.472461	0.127189
366.299988	1.343965	0.485863	1.472933	0.128458
366.600006	1.346346	0.489944	1.473406	0.129726
366.899994	1.348729	0.494009	1.473879	0.130993
367.200012	1.351286	0.498118	1.474408	0.132268
367.5	1.353929	0.50224	1.474964	0.133547
367.799988	1.356573	0.506345	1.475521	0.134824
368.100006	1.359316	0.51045	1.476108	0.136101
368.399994	1.362255	0.514569	1.476754	0.137378
368.700012	1.365193	0.518672	1.477401	0.138653
369	1.368131	0.522757	1.478049	0.139928
369.299988	1.37138	0.526834	1.478787	0.14119
369.600006	1.374625	0.530892	1.479525	0.142452
369.899994	1.377869	0.534933	1.480264	0.143712
370.200012	1.381326	0.538938	1.481063	0.144957
370.5	1.384887	0.542916	1.481892	0.146193
370.799988	1.388444	0.546875	1.482721	0.147427
371.100006	1.392107	0.550794	1.48358	0.148649
371.399994	1.395988	0.554651	1.484496	0.149849
371.700012	1.399861	0.55849	1.485413	0.151046
372	1.403727	0.56231	1.48633	0.152243
372.299988	1.407925	0.566008	1.48733	0.153395
372.600006	1.412113	0.569689	1.48833	0.154546
372.899994	1.416291	0.573351	1.48933	0.155695
373.200012	1.420693	0.576901	1.490381	0.156808
373.5	1.4252	0.580386	1.491458	0.157902
373.799988	1.429693	0.583854	1.492534	0.158995
374.100006	1.434295	0.587236	1.493633	0.160066
374.399994	1.439124	0.590461	1.494778	0.161096
374.700012	1.443938	0.593671	1.495922	0.162124
375	1.448737	0.596866	1.497066	0.163151
375.299988	1.453849	0.599755	1.498271	0.164112
375.600006	1.458944	0.60263	1.499474	0.165071
375.899994	1.464022	0.605493	1.500678	0.166028
376.200012	1.46926	0.608105	1.501916	0.166938
376.5	1.474568	0.610588	1.503171	0.167822
376.799988	1.479856	0.613061	1.504426	0.168705
377.100006	1.485183	0.615395	1.505694	0.169562
377.399994	1.490605	0.617463	1.506992	0.170367
377.700012	1.496007	0.619523	1.508288	0.171171
378	1.50139	0.621577	1.509584	0.171974
378.299988	1.50685	0.623262	1.510913	0.172696
378.600006	1.51229	0.624942	1.51224	0.173418
378.899994	1.517711	0.626619	1.513567	0.174138
379.200012	1.52315	0.628066	1.514908	0.174801
379.5	1.528589	0.629399	1.516254	0.175436
379.799988	1.534009	0.63073	1.517599	0.17607
380.100006	1.539419	0.631953	1.518945	0.176674
380.399994	1.544831	0.632963	1.520292	0.17722
380.700012	1.550225	0.633973	1.521638	0.177766
381	1.5556	0.634984	1.522983	0.178311
381.299988	1.560964	0.635679	1.524308	0.17878
381.600006	1.56631	0.636376	1.525632	0.179248
381.899994	1.57164	0.637075	1.526954	0.179715
382.200012	1.576928	0.637563	1.528256	0.180144
382.5	1.582189	0.637949	1.529545	0.180554
382.799988	1.587434	0.638339	1.530834	0.180963
383.100006	1.592631	0.638627	1.53211	0.18136
383.399994	1.597749	0.63871	1.533362	0.18173
383.700012	1.602854	0.638799	1.534612	0.1821
384	1.607944	0.638892	1.535862	0.18247
384.299988	1.612832	0.638717	1.537075	0.182818
384.600006	1.617709	0.638549	1.538287	0.183166
384.899994	1.622572	0.638386	1.539498	0.183513
385.200012	1.627264	0.638124	1.540687	0.183857
385.5	1.631865	0.637815	1.541863	0.184198
385.799988	1.636456	0.637512	1.543039	0.18454
386.100006	1.64096	0.637198	1.544205	0.184884
386.399994	1.645304	0.636858	1.545352	0.185235
386.700012	1.649639	0.636524	1.546498	0.185585
387	1.653965	0.636194	1.547643	0.185935
387.299988	1.658102	0.635912	1.548766	0.18631
387.600006	1.662231	0.635634	1.549889	0.186684
387.899994	1.666352	0.635361	1.551012	0.187058
388.200012	1.670393	0.635161	1.552125	0.187459
388.5	1.67439	0.634998	1.553233	0.187873
388.799988	1.678379	0.634839	1.554341	0.188286
389.100006	1.682347	0.634729	1.555449	0.188719
389.399994	1.686281	0.634715	1.556557	0.189192
389.700012	1.690207	0.634703	1.557665	0.189664
390	1.694125	0.634694	1.558771	0.190136
390.299988	1.698068	0.634856	1.559901	0.190684
390.600006	1.702003	0.635019	1.561029	0.191232
390.899994	1.705929	0.635185	1.562157	0.19178
391.200012	1.709928	0.635477	1.563317	0.192388
391.5	1.713958	0.635833	1.564494	0.193028
391.799988	1.71798	0.63619	1.565669	0.193666
392.100006	1.722065	0.636607	1.566872	0.194339
392.399994	1.726286	0.637143	1.568131	0.195083
392.700012	1.730497	0.637679	1.569389	0.195827
393	1.734698	0.638216	1.570647	0.196569
393.299988	1.739195	0.638905	1.572034	0.197429
393.600006	1.74368	0.639595	1.57342	0.198288
393.899994	1.748154	0.640285	1.574805	0.199146
394.200012	1.752888	0.641057	1.57632	0.200088
394.5	1.757745	0.64187	1.577899	0.201071
394.799988	1.762589	0.642684	1.579476	0.202053
395.100006	1.767604	0.643515	1.581154	0.203068
395.399994	1.772971	0.644381	1.583036	0.204154
395.700012	1.778323	0.645247	1.584915	0.205238
396	1.783659	0.646113	1.586793	0.206319
396.299988	1.789632	0.646861	1.589068	0.207389
396.600006	1.795586	0.64761	1.591341	0.208456
396.899994	1.801522	0.648361	1.593611	0.209521
397.200012	1.807891	0.64892	1.596156	0.210489
397.5	1.814466	0.649388	1.598837	0.211407
397.799988	1.821018	0.64986	1.601514	0.212323
398.100006	1.827777	0.650188	1.604319	0.213149
398.399994	1.83497	0.650228	1.607384	0.213798
398.700012	1.842139	0.650276	1.610444	0.214445
399	1.849283	0.650332	1.613498	0.21509
399.299988	1.85711	0.64976	1.616897	0.215359
399.600006	1.864909	0.649203	1.620289	0.215628
399.899994	1.872681	0.648659	1.623674	0.215897
400.200012	1.880845	0.647526	1.627237	0.215846
400.5	1.889192	0.646112	1.630885	0.215639
400.799988	1.89751	0.64472	1.634526	0.215433
401.100006	1.905947	0.642969	1.638217	0.215038
401.399994	1.914652	0.640487	1.642019	0.214266
401.700012	1.923332	0.638036	1.645812	0.213498
402	1.931985	0.635615	1.649598	0.212734
402.299988	1.940773	0.631903	1.653409	0.211321
402.600006	1.949542	0.628231	1.657212	0.209915
402.899994	1.95829	0.624599	1.661009	0.208517
403.200012	1.966863	0.620106	1.664675	0.206685
403.5	1.975346	0.61521	1.668274	0.204643
403.799988	1.983819	0.610358	1.671869	0.20261
404.100006	1.992113	0.605155	1.675345	0.200405
404.399994	2.000071	0.599208	1.678591	0.197846
404.700012	2.008028	0.593307	1.681836	0.195298
405	2.015984	0.587453	1.685079	0.192759
405.299988	2.023287	0.580601	1.687901	0.189802
405.600006	2.0306	0.573796	1.690723	0.186854
405.899994	2.037922	0.567037	1.693548	0.183916
406.200012	2.044735	0.559709	1.696061	0.180773
406.5	2.051306	0.552119	1.698423	0.177532
406.799988	2.057895	0.544571	1.700788	0.174299
407.100006	2.064205	0.536801	1.702992	0.171
407.399994	2.069944	0.528539	1.704872	0.167561
407.700012	2.07571	0.520316	1.706758	0.164128
408	2.081502	0.512132	1.708649	0.160703
408.299988	2.086341	0.503313	1.710045	0.157155
408.600006	2.091214	0.494528	1.711447	0.153612
408.899994	2.09612	0.485776	1.712856	0.150074
409.200012	2.100352	0.476689	1.713942	0.146515
409.5	2.104269	0.467444	1.71487	0.142945
409.799988	2.108225	0.458225	1.715805	0.139379
410.100006	2.111836	0.448886	1.716589	0.135831
410.399994	2.114721	0.439274	1.717067	0.132314
410.700012	2.11765	0.42968	1.717551	0.128798
411	2.120622	0.420105	1.718043	0.125284
411.299988	2.122358	0.410266	1.718114	0.121884
411.600006	2.12414	0.400434	1.718192	0.118483
411.899994	2.125967	0.390611	1.718276	0.115083
412.200012	2.126945	0.380773	1.71811	0.111786
412.5	2.127521	0.370922	1.717822	0.10854
412.799988	2.128141	0.361069	1.71754	0.105293
413.100006	2.128362	0.351281	1.717147	0.10211
413.399994	2.127736	0.341618	1.716526	0.099056
413.700012	2.127152	0.331943	1.71591	0.095999
414	2.126611	0.322257	1.7153	0.09294
414.299988	2.124821	0.31298	1.714379	0.090114
414.600006	2.123067	0.303682	1.713463	0.087285
414.899994	2.12135	0.294364	1.712551	0.084453
415.200012	2.118862	0.285452	1.71146	0.081801
415.5	2.116	0.276728	1.71028	0.079237
415.799988	2.113167	0.267977	1.709103	0.076669
416.100006	2.109998	0.259485	1.707852	0.074203
416.399994	2.106123	0.251537	1.706451	0.071942
416.700012	2.102267	0.243556	1.705052	0.069676
417	2.09843	0.235544	1.703655	0.067408
417.299988	2.093681	0.228574	1.702085	0.065486
417.600006	2.088942	0.221571	1.700515	0.063561
417.899994	2.084212	0.214535	1.698946	0.061633
418.200012	2.079029	0.208323	1.697309	0.059959
418.5	2.073617	0.202507	1.695637	0.058412
418.799988	2.068203	0.196662	1.693964	0.056862
419.100006	2.06269	0.191264	1.692293	0.055445
419.399994	2.05697	0.186797	1.690625	0.0543
419.700012	2.051243	0.182306	1.688956	0.053153
420	2.045506	0.17779	1.687286	0.052003
420.299988	2.039874	0.174555	1.685735	0.051211
420.600006	2.03423	0.171302	1.684183	0.050418
420.899994	2.028574	0.168033	1.682629	0.049623
421.200012	2.023125	0.165467	1.681197	0.049015
421.5	2.017771	0.163251	1.679825	0.048502
421.799988	2.012406	0.161025	1.678452	0.047987
422.100006	2.007174	0.159078	1.67715	0.047542
422.399994	2.002223	0.157705	1.675994	0.047235
422.700012	1.99726	0.156327	1.674838	0.046929
423	1.992286	0.154942	1.67368	0.046622
423.299988	1.987748	0.154233	1.67276	0.046452
423.600006	1.9832	0.153522	1.67184	0.046283
423.899994	1.978642	0.152808	1.670919	0.046113
424.200012	1.974321	0.152513	1.670158	0.045988
424.5	1.970115	0.152429	1.669478	0.045887
424.799988	1.9659	0.152345	1.668798	0.045785
425.100006	1.961812	0.152491	1.668195	0.045683
425.399994	1.957988	0.153099	1.667746	0.045582
425.700012	1.954157	0.15371	1.667297	0.045481
426	1.950319	0.154324	1.666847	0.045379
426.299988	1.947007	0.155683	1.666604	0.045213
426.600006	1.943691	0.157047	1.666361	0.045046
426.899994	1.940371	0.158416	1.666118	0.04488
427.200012	1.937552	0.160312	1.665981	0.044628
427.5	1.934985	0.162475	1.665897	0.044334
427.799988	1.932417	0.164643	1.665813	0.044039
428.100006	1.930239	0.167038	1.665754	0.04369
428.399994	1.928842	0.169879	1.665744	0.043231
428.700012	1.927449	0.172724	1.665734	0.042773
429	1.92606	0.175573	1.665724	0.042314
429.299988	1.926112	0.178636	1.665717	0.041712
429.600006	1.92617	0.181698	1.665711	0.041111
429.899994	1.926231	0.18476	1.665704	0.040509
430.200012	1.927274	0.187649	1.665674	0.039832
430.5	1.928808	0.190448	1.665632	0.039117
430.799988	1.930344	0.193243	1.66559	0.038402
431.100006	1.932333	0.1958	1.665528	0.037658
431.399994	1.935223	0.197886	1.665425	0.036856
431.700012	1.938109	0.199967	1.665323	0.036054
432	1.940993	0.202042	1.665221	0.035252
432.299988	1.944973	0.203018	1.665041	0.034391
432.600006	1.948944	0.203991	1.664862	0.033529
432.899994	1.952908	0.204961	1.664684	0.032667
433.200012	1.957361	0.205025	1.664447	0.031783
433.5	1.962052	0.20464	1.664182	0.030886
433.799988	1.966732	0.204257	1.663917	0.02999
434.100006	1.971534	0.203365	1.663622	0.02909
434.399994	1.976593	0.201454	1.663266	0.028184
434.700012	1.981642	0.199555	1.662911	0.027277
435	1.986681	0.197666	1.662556	0.02637
435.299988	1.991714	0.194082	1.662112	0.025478
435.600006	1.996742	0.190517	1.661667	0.024585
435.899994	2.001766	0.18697	1.661223	0.023692
436.200012	2.006432	0.182203	1.660725	0.022824
436.5	2.010926	0.17684	1.660199	0.021968
436.799988	2.015426	0.1715	1.659673	0.021112
437.100006	2.019464	0.165603	1.659127	0.020274
437.399994	2.022581	0.158566	1.658538	0.019473
437.700012	2.02572	0.15155	1.65795	0.018672
438	2.028879	0.144554	1.657362	0.01787
438.299988	2.030028	0.13661	1.656728	0.017126
438.600006	2.031208	0.128673	1.656094	0.016382
438.899994	2.032419	0.120743	1.65546	0.015637
439.200012	2.032209	0.112729	1.654803	0.014931
439.5	2.031306	0.104662	1.654134	0.014245
439.799988	2.030433	0.096586	1.653465	0.013557
440.100006	2.028913	0.08872	1.652787	0.012889
440.399994	2.026059	0.081273	1.652091	0.012261
440.700012	2.023227	0.073803	1.651394	0.011631
441	2.020419	0.066313	1.650698	0.011001
441.299988	2.016074	0.060207	1.649981	0.01043
441.600006	2.011737	0.054074	1.649264	0.009859
441.899994	2.007409	0.047915	1.648547	0.009287
442.200012	2.002672	0.042849	1.64782	0.008754
442.5	1.997725	0.03832	1.647088	0.008241
442.799988	1.992776	0.033769	1.646356	0.007727
443.100006	1.987817	0.029659	1.645621	0.007233
443.399994	1.982837	0.02646	1.64488	0.006779
443.700012	1.977849	0.023245	1.644139	0.006324
444	1.972854	0.020014	1.643397	0.005869
444.299988	1.968139	0.017853	1.642653	0.005473
444.600006	1.963415	0.015683	1.641909	0.005078
444.899994	1.958682	0.013501	1.641164	0.004682
445.200012	1.954242	0.011833	1.640422	0.004325
445.5	1.949945	0.010418	1.63968	0.003989
445.799988	1.945639	0.008998	1.638939	0.003652
446.100006	1.941486	0.007736	1.638201	0.003336
446.399994	1.937644	0.0068	1.63747	0.003059
446.700012	1.933796	0.00586	1.636739	0.002782
447	1.92994	0.004916	1.636009	0.002504
447.299988	1.926475	0.004303	1.635298	0.002283
447.600006	1.923004	0.003687	1.634588	0.002061
447.899994	1.919527	0.003069	1.633878	0.00184
448.200012	1.916285	0.002619	1.633185	0.001651
448.5	1.913158	0.002253	1.632501	0.001478
448.799988	1.910027	0.001886	1.631817	0.001306
449.100006	1.907003	0.001578	1.631143	0.001147
449.399994	1.904203	0.001389	1.63049	0.001017
449.700012	1.901398	0.001199	1.629836	0.000887
450	1.89859	0.001009	1.629182	0.000757
450.299988	1.896092	0.000924	1.628562	0.000664
450.600006	1.89359	0.000839	1.627942	0.00057
450.899994	1.891086	0.000753	1.627321	0.000477
451.200012	1.888754	0.000692	1.626724	0.000403
451.5	1.886508	0.000644	1.626139	0.00034
451.799988	1.884259	0.000596	1.625553	0.000276
452.100006	1.882074	0.000552	1.62498	0.000221
452.399994	1.880021	0.000516	1.62443	0.000182
452.700012	1.877965	0.00048	1.623881	0.000143
453	1.875907	0.000445	1.623331	0.000104
453.299988	1.87401	0.000419	1.622817	0.000083
453.600006	1.872111	0.000393	1.622303	0.000062
453.899994	1.87021	0.000367	1.621789	0.000041
454.200012	1.8684	0.000345	1.621298	0.000028
454.5	1.866634	0.000326	1.620818	0.00002
454.799988	1.864867	0.000307	1.620339	0.000011
455.100006	1.863138	0.000289	1.619871	0.000005
455.399994	1.861487	0.000274	1.619424	0.000003
455.700012	1.859835	0.000259	1.618977	0.000002
456	1.858181	0.000243	1.618531	0
456.299988	1.85663	0.000229	1.618112	0
456.600006	1.855078	0.000215	1.617694	0
456.899994	1.853524	0.000201	1.617275	0
457.200012	1.852029	0.000187	1.616872	0
457.5	1.850563	0.000174	1.616477	0
457.799988	1.849096	0.00016	1.616081	0
458.100006	1.847654	0.000147	1.615692	0
458.399994	1.846264	0.000135	1.615316	0
458.700012	1.844873	0.000123	1.61494	0
459	1.843481	0.000111	1.614564	0
459.299988	1.842159	0.0001	1.614206	0
459.600006	1.840836	0.000089	1.613847	0
459.899994	1.839513	0.000079	1.613489	0
460.200012	1.838231	0.000069	1.613141	0
460.5	1.83697	0.000061	1.612798	0
460.799988	1.835708	0.000052	1.612455	0
461.100006	1.834466	0.000044	1.612117	0
461.399994	1.833261	0.000038	1.611788	0
461.700012	1.832056	0.000032	1.611459	0
462	1.83085	0.000025	1.611131	0
462.299988	1.829699	0.000021	1.610815	0
462.600006	1.828547	0.000017	1.610499	0
462.899994	1.827394	0.000013	1.610183	0
463.200012	1.826274	0.00001	1.609876	0
463.5	1.82517	0.000008	1.609572	0
463.799988	1.824066	0.000006	1.609268	0
464.100006	1.822977	0.000004	1.608968	0
464.399994	1.821919	0.000003	1.608675	0
464.700012	1.820861	0.000002	1.608382	0
465	1.819801	0.000001	1.608089	0
465.299988	1.818786	0.000001	1.607807	0
465.600006	1.817769	0	1.607525	0
465.899994	1.816752	0	1.607242	0
466.200012	1.815762	0	1.606966	0
466.5	1.814785	0	1.606693	0
466.799988	1.813807	0	1.60642	0
467.100006	1.812841	0	1.60615	0
467.399994	1.8119	0	1.605886	0
467.700012	1.810959	0	1.605622	0
468	1.810017	0	1.605358	0
468.299988	1.809109	0	1.605102	0
468.600006	1.808202	0	1.604847	0
468.899994	1.807294	0	1.604591	0
469.200012	1.806407	0	1.604341	0
469.5	1.80553	0	1.604093	0
469.799988	1.804654	0	1.603846	0
470.100006	1.803787	0	1.603601	0
470.399994	1.80294	0	1.60336	0
470.700012	1.802093	0	1.60312	0
471	1.801245	0	1.60288	0
471.299988	1.800426	0	1.602647	0
471.600006	1.799607	0	1.602414	0
471.899994	1.798787	0	1.602181	0
472.200012	1.797985	0	1.601952	0
472.5	1.797192	0	1.601726	0
472.799988	1.796398	0	1.601499	0
473.100006	1.795613	0	1.601275	0
473.399994	1.794844	0	1.601055	0
473.700012	1.794075	0	1.600834	0
474	1.793306	0	1.600614	0
474.299988	1.792561	0	1.6004	0
474.600006	1.791815	0	1.600186	0
474.899994	1.791069	0	1.599972	0
475.200012	1.790338	0	1.599762	0
475.5	1.789615	0	1.599553	0
475.799988	1.788891	0	1.599345	0
476.100006	1.788174	0	1.599138	0
476.399994	1.787472	0	1.598936	0
476.700012	1.786769	0	1.598733	0
477	1.786066	0	1.59853	0
477.299988	1.785383	0	1.598332	0
477.600006	1.7847	0	1.598134	0
477.899994	1.784017	0	1.597937	0
478.200012	1.783347	0	1.597742	0
478.5	1.782683	0	1.597549	0
478.799988	1.782018	0	1.597357	0
479.100006	1.78136	0	1.597166	0
479.399994	1.780714	0	1.596978	0
479.700012	1.780068	0	1.59679	0
480	1.779422	0	1.596601	0
480.299988	1.778793	0	1.596418	0
480.600006	1.778164	0	1.596235	0
480.899994	1.777535	0	1.596051	0
481.200012	1.776917	0	1.595871	0
481.5	1.776304	0	1.595692	0
481.799988	1.775692	0	1.595512	0
482.100006	1.775084	0	1.595335	0
482.399994	1.774487	0	1.59516	0
482.700012	1.77389	0	1.594985	0
483	1.773293	0	1.59481	0
483.299988	1.772711	0	1.594639	0
483.600006	1.772129	0	1.594468	0
483.899994	1.771547	0	1.594297	0
484.200012	1.770975	0	1.594129	0
484.5	1.770407	0	1.593961	0
484.799988	1.769839	0	1.593794	0
485.100006	1.769276	0	1.593629	0
485.399994	1.768722	0	1.593465	0
485.700012	1.768168	0	1.593302	0
486	1.767614	0	1.593138	0
486.299988	1.767074	0	1.592978	0
486.600006	1.766533	0	1.592819	0
486.899994	1.765992	0	1.592659	0
487.200012	1.76546	0	1.592501	0
487.5	1.764932	0	1.592345	0
487.799988	1.764404	0	1.592188	0
488.100006	1.76388	0	1.592033	0
488.399994	1.763364	0	1.59188	0
488.700012	1.762848	0	1.591727	0
489	1.762332	0	1.591574	0
489.299988	1.761828	0	1.591424	0
489.600006	1.761323	0	1.591274	0
489.899994	1.760819	0	1.591124	0
490.200012	1.760322	0	1.590976	0
490.5	1.75983	0	1.590829	0
490.799988	1.759336	0	1.590682	0
491.100006	1.758847	0	1.590536	0
491.399994	1.758365	0	1.590392	0
491.700012	1.757883	0	1.590248	0
492	1.757401	0	1.590104	0
492.299988	1.756929	0	1.589963	0
492.600006	1.756457	0	1.589822	0
492.899994	1.755985	0	1.589681	0
493.200012	1.755521	0	1.589542	0
493.5	1.755059	0	1.589403	0
493.799988	1.754597	0	1.589265	0
494.100006	1.754139	0	1.589128	0
494.399994	1.753687	0	1.588992	0
494.700012	1.753235	0	1.588856	0
495	1.752783	0	1.588721	0
495.299988	1.752341	0	1.588588	0
495.600006	1.751898	0	1.588454	0
495.899994	1.751456	0	1.588321	0
496.200012	1.751019	0	1.58819	0
496.5	1.750586	0	1.588059	0
496.799988	1.750152	0	1.587929	0
497.100006	1.749722	0	1.587799	0
497.399994	1.749297	0	1.587671	0
497.700012	1.748872	0	1.587543	0
498	1.748447	0	1.587415	0
498.299988	1.748031	0	1.587289	0
498.600006	1.747615	0	1.587163	0
498.899994	1.747199	0	1.587037	0
499.200012	1.746788	0	1.586913	0
499.5	1.74638	0	1.586789	0
499.799988	1.745972	0	1.586666	0
