Opt. Const. of PFOGlassy vs. nm,,,,
nm	"n	 Ordinary"	"k	 Ordinary"	"n	 Extra-ordinary"	"k	 Extra-ordinary"
300	1.478774	0.069376	1.513439	0.043116
300.299988	1.477773	0.069486	1.512846	0.043348
300.600006	1.476772	0.069596	1.512252	0.04358
300.899994	1.475771	0.069707	1.511658	0.043812
301.200012	1.474716	0.069889	1.511049	0.044088
301.5	1.473635	0.070107	1.510431	0.044385
301.799988	1.472553	0.070325	1.509813	0.044683
302.100006	1.471478	0.070577	1.509199	0.045012
302.399994	1.470415	0.070894	1.508595	0.045402
302.700012	1.469351	0.071212	1.507991	0.045792
303	1.468287	0.071531	1.507387	0.046182
303.299988	1.467283	0.07187	1.506869	0.046648
303.600006	1.466278	0.07221	1.506351	0.047113
303.899994	1.465272	0.072551	1.505833	0.047579
304.200012	1.464255	0.072872	1.505393	0.048047
304.5	1.463233	0.073184	1.504991	0.048516
304.799988	1.462211	0.073496	1.50459	0.048985
305.100006	1.461178	0.073824	1.504222	0.049431
305.399994	1.460127	0.074184	1.50392	0.04983
305.700012	1.459074	0.074544	1.503619	0.050229
306	1.458021	0.074904	1.503318	0.050629
306.299988	1.457012	0.075263	1.503052	0.050895
306.600006	1.456003	0.075623	1.502786	0.051162
306.899994	1.454993	0.075983	1.50252	0.051429
307.200012	1.453945	0.0763	1.502208	0.051616
307.5	1.452877	0.076596	1.501873	0.051764
307.799988	1.451809	0.076892	1.501539	0.051912
308.100006	1.450707	0.077205	1.501166	0.052042
308.399994	1.449539	0.077551	1.500717	0.052135
308.700012	1.448371	0.077897	1.500268	0.052229
309	1.447201	0.078244	1.499819	0.052322
309.299988	1.44602	0.078652	1.499246	0.052424
309.600006	1.444838	0.07906	1.498672	0.052526
309.899994	1.443656	0.079469	1.498098	0.052628
310.200012	1.442451	0.079882	1.497456	0.052773
310.5	1.441235	0.080298	1.496778	0.052939
310.799988	1.440019	0.080715	1.496101	0.053106
311.100006	1.438777	0.081145	1.495402	0.053303
311.399994	1.437487	0.081601	1.494659	0.053561
311.700012	1.436195	0.082058	1.493917	0.05382
312	1.434903	0.082515	1.493173	0.054078
312.299988	1.433545	0.08306	1.492397	0.054442
312.600006	1.432186	0.083607	1.491619	0.054807
312.899994	1.430826	0.084155	1.490842	0.055171
313.200012	1.429464	0.084782	1.490065	0.055615
313.5	1.4281	0.085449	1.489288	0.056098
313.799988	1.426735	0.086118	1.488511	0.056581
314.100006	1.425384	0.086806	1.487754	0.057106
314.399994	1.424062	0.087532	1.487036	0.057711
314.700012	1.422738	0.08826	1.486318	0.058317
315	1.421414	0.088989	1.4856	0.058923
315.299988	1.420078	0.089749	1.484999	0.059594
315.600006	1.418742	0.090511	1.484399	0.060266
315.899994	1.417405	0.091274	1.483799	0.060939
316.200012	1.416074	0.092094	1.483281	0.061604
316.5	1.414745	0.092943	1.482804	0.062265
316.799988	1.413416	0.093793	1.482328	0.062927
317.100006	1.412111	0.094651	1.481881	0.063561
317.399994	1.410855	0.095519	1.481494	0.06414
317.700012	1.409598	0.096389	1.481107	0.064718
318	1.408341	0.097261	1.48072	0.065297
318.299988	1.407064	0.098072	1.480329	0.065739
318.600006	1.405787	0.098885	1.479938	0.06618
318.899994	1.40451	0.099699	1.479547	0.066622
319.200012	1.403168	0.100523	1.479076	0.067009
319.5	1.401794	0.101351	1.478565	0.067369
319.799988	1.40042	0.102182	1.478054	0.067729
320.100006	1.399021	0.103037	1.477494	0.068096
320.399994	1.397572	0.10394	1.476833	0.068476
320.700012	1.396123	0.104845	1.476171	0.068856
321	1.394673	0.105752	1.47551	0.069237
321.299988	1.393169	0.106746	1.474722	0.069732
321.600006	1.391665	0.107743	1.473933	0.070228
321.899994	1.39016	0.108742	1.473144	0.070724
322.200012	1.388629	0.109813	1.472328	0.071352
322.5	1.387086	0.110921	1.471499	0.072046
322.799988	1.385543	0.112032	1.47067	0.072741
323.100006	1.383997	0.113184	1.469874	0.073494
323.399994	1.38245	0.114414	1.469142	0.074362
323.700012	1.380902	0.115646	1.46841	0.07523
324	1.379354	0.116882	1.467678	0.0761
324.299988	1.377825	0.118214	1.467098	0.077048
324.600006	1.376297	0.11955	1.466519	0.077997
324.899994	1.374768	0.120888	1.46594	0.078946
325.200012	1.373252	0.122285	1.465463	0.079888
325.5	1.371743	0.123712	1.465037	0.080827
325.799988	1.370234	0.125143	1.464612	0.081766
326.100006	1.368737	0.126605	1.464221	0.082674
326.399994	1.367262	0.128124	1.463902	0.083518
326.700012	1.365788	0.129647	1.463582	0.084363
327	1.364314	0.131173	1.463263	0.085209
327.299988	1.36289	0.132752	1.462946	0.085933
327.600006	1.361466	0.134333	1.462628	0.086658
327.899994	1.360043	0.135918	1.462311	0.087384
328.200012	1.358629	0.137516	1.461951	0.08806
328.5	1.35722	0.139121	1.46157	0.088712
328.799988	1.355811	0.14073	1.461189	0.089364
329.100006	1.354393	0.142354	1.460777	0.090008
329.399994	1.352955	0.144004	1.460306	0.090636
329.700012	1.351518	0.145657	1.459835	0.091265
330	1.350081	0.147314	1.459364	0.091894
330.299988	1.348598	0.149049	1.458795	0.092545
330.600006	1.347115	0.150788	1.458227	0.093196
330.899994	1.345634	0.152531	1.457658	0.093848
331.200012	1.344143	0.154362	1.457031	0.094543
331.5	1.342648	0.156239	1.456374	0.095259
331.799988	1.341154	0.158121	1.455718	0.095977
332.100006	1.339682	0.160036	1.455038	0.096727
332.399994	1.338251	0.162015	1.454312	0.097542
332.700012	1.336822	0.163998	1.453586	0.098358
333	1.335395	0.165986	1.45286	0.099175
333.299988	1.33396	0.167971	1.452088	0.100118
333.600006	1.332528	0.16996	1.451317	0.101062
333.899994	1.331098	0.171954	1.450546	0.102007
334.200012	1.329579	0.174019	1.449768	0.103056
334.5	1.328016	0.176123	1.448987	0.104156
334.799988	1.326455	0.178232	1.448206	0.105258
335.100006	1.324888	0.180432	1.447441	0.10642
335.399994	1.323309	0.182809	1.446707	0.1077
335.700012	1.321733	0.185192	1.445974	0.108981
336	1.32016	0.18758	1.445241	0.110264
336.299988	1.318712	0.190141	1.444639	0.111697
336.600006	1.317269	0.192708	1.444038	0.113131
336.899994	1.31583	0.195279	1.443438	0.114566
337.200012	1.314428	0.197907	1.44295	0.116055
337.5	1.313047	0.200565	1.442519	0.117571
337.799988	1.311671	0.203228	1.44209	0.119088
338.100006	1.310302	0.205952	1.441718	0.120608
338.399994	1.308946	0.208794	1.44146	0.122136
338.700012	1.307594	0.211641	1.441203	0.123665
339	1.306248	0.214493	1.440948	0.125194
339.299988	1.30504	0.217549	1.440836	0.12667
339.600006	1.303838	0.22061	1.440725	0.128146
339.899994	1.302644	0.223676	1.440616	0.129622
340.200012	1.301573	0.226799	1.440557	0.131032
340.5	1.300568	0.229952	1.440525	0.132408
340.799988	1.29957	0.233109	1.440494	0.133785
341.100006	1.298611	0.23628	1.440464	0.135135
341.399994	1.297719	0.239473	1.440435	0.136433
341.700012	1.296836	0.24267	1.440407	0.137731
342	1.295961	0.245869	1.44038	0.139029
342.299988	1.295149	0.249144	1.440323	0.14029
342.600006	1.294346	0.252421	1.440267	0.141551
342.899994	1.29355	0.255701	1.440212	0.142813
343.200012	1.292812	0.259045	1.440132	0.144076
343.5	1.292106	0.262422	1.440039	0.145339
343.799988	1.291409	0.265801	1.439947	0.146603
344.100006	1.290747	0.269211	1.439845	0.147879
344.399994	1.290148	0.272683	1.43972	0.14918
344.700012	1.289558	0.276156	1.439597	0.150482
345	1.288977	0.279631	1.439475	0.151784
345.299988	1.288486	0.283196	1.439342	0.153149
345.600006	1.288004	0.286761	1.439211	0.154514
345.899994	1.287532	0.290327	1.439082	0.155879
346.200012	1.287123	0.293954	1.43896	0.15729
346.5	1.286749	0.297613	1.438844	0.158723
346.799988	1.286386	0.30127	1.43873	0.160155
347.100006	1.286058	0.304961	1.438625	0.161611
347.399994	1.285791	0.308719	1.438538	0.163113
347.700012	1.285534	0.312476	1.438453	0.164614
348	1.285289	0.316232	1.438369	0.166116
348.299988	1.285131	0.320102	1.438324	0.167687
348.600006	1.284984	0.323971	1.43828	0.169257
348.899994	1.284848	0.327837	1.438238	0.170828
349.200012	1.284782	0.331798	1.438231	0.172445
349.5	1.284757	0.335804	1.438242	0.174086
349.799988	1.284744	0.339807	1.438255	0.175726
350.100006	1.284789	0.343863	1.438291	0.177388
350.399994	1.284939	0.348026	1.438372	0.179095
350.700012	1.285101	0.352185	1.438455	0.180802
351	1.285275	0.356339	1.43854	0.182508
351.299988	1.285654	0.360612	1.438704	0.184272
351.600006	1.286046	0.364878	1.438869	0.186035
351.899994	1.286449	0.369138	1.439037	0.187797
352.200012	1.286977	0.373439	1.439263	0.189592
352.5	1.287572	0.377756	1.439518	0.191402
352.799988	1.28818	0.382065	1.439776	0.193212
353.100006	1.288842	0.386401	1.440066	0.195034
353.399994	1.289602	0.390796	1.440418	0.196882
353.700012	1.290374	0.395183	1.440772	0.198729
354	1.291157	0.399561	1.441128	0.200575
354.299988	1.292122	0.404081	1.441581	0.202452
354.600006	1.293098	0.40859	1.442035	0.204327
354.899994	1.294086	0.413089	1.442492	0.206201
355.200012	1.295247	0.417669	1.443017	0.208089
355.5	1.296498	0.422284	1.443577	0.209983
355.799988	1.297761	0.426886	1.444139	0.211876
356.100006	1.299134	0.431506	1.444737	0.213771
356.399994	1.300716	0.436174	1.445405	0.215671
356.700012	1.302308	0.440827	1.446074	0.21757
357	1.303909	0.445465	1.446745	0.219467
357.299988	1.30584	0.450061	1.447519	0.221363
357.600006	1.307778	0.454641	1.448295	0.223257
357.899994	1.309723	0.459205	1.449072	0.225149
358.200012	1.311798	0.463667	1.449917	0.227033
358.5	1.313939	0.46807	1.450795	0.228911
358.799988	1.316086	0.472456	1.451676	0.230787
359.100006	1.318244	0.476836	1.452588	0.232655
359.399994	1.32042	0.48122	1.453564	0.234508
359.700012	1.322601	0.485588	1.454542	0.236359
360	1.324787	0.48994	1.45552	0.238207
360.299988	1.327162	0.494526	1.456583	0.240029
360.600006	1.329541	0.499095	1.457647	0.241848
360.899994	1.331926	0.503645	1.458713	0.243665
361.200012	1.334637	0.508238	1.459829	0.245464
361.5	1.337513	0.512842	1.460972	0.247253
361.799988	1.340391	0.517425	1.462115	0.249039
362.100006	1.343398	0.521909	1.463284	0.250816
362.399994	1.346661	0.526213	1.464501	0.252577
362.700012	1.349921	0.530497	1.465719	0.254336
363	1.353179	0.534761	1.466938	0.256091
363.299988	1.356484	0.538804	1.468229	0.257827
363.600006	1.359784	0.542829	1.469521	0.25956
363.899994	1.363082	0.546836	1.470813	0.261289
364.200012	1.366406	0.550881	1.472153	0.263006
364.5	1.369742	0.554936	1.473518	0.264714
364.799988	1.373074	0.558972	1.474884	0.26642
365.100006	1.3765	0.563036	1.476274	0.268117
365.399994	1.380116	0.567171	1.477715	0.269803
365.700012	1.383727	0.571286	1.479156	0.271485
366	1.387333	0.575382	1.480596	0.273165
366.299988	1.391297	0.579413	1.482116	0.274827
366.600006	1.395254	0.583425	1.483635	0.276487
366.899994	1.399203	0.587418	1.485153	0.278143
367.200012	1.403314	0.59131	1.486727	0.279787
367.5	1.407501	0.595143	1.488328	0.281423
367.799988	1.411678	0.598957	1.489928	0.283056
368.100006	1.415918	0.60274	1.491557	0.284681
368.399994	1.420294	0.606477	1.493245	0.286293
368.700012	1.424657	0.610197	1.494932	0.287901
369	1.42901	0.613899	1.496618	0.289506
369.299988	1.433665	0.617577	1.498398	0.291092
369.600006	1.438307	0.621236	1.500178	0.292675
369.899994	1.442936	0.624878	1.501957	0.294254
370.200012	1.447809	0.628432	1.503806	0.295819
370.5	1.452795	0.631934	1.50569	0.297374
370.799988	1.457766	0.635419	1.507572	0.298925
371.100006	1.46284	0.638819	1.509495	0.300463
371.399994	1.468135	0.64207	1.511502	0.301977
371.700012	1.473412	0.645305	1.513507	0.303487
372	1.478671	0.648525	1.515511	0.304994
372.299988	1.484217	0.651491	1.517647	0.306438
372.600006	1.489743	0.654445	1.519782	0.307879
372.899994	1.495248	0.657385	1.521914	0.309316
373.200012	1.500919	0.660141	1.524131	0.310693
373.5	1.506661	0.6628	1.526388	0.312037
373.799988	1.512382	0.665449	1.528642	0.313377
374.100006	1.518167	0.667992	1.530933	0.314678
374.399994	1.524102	0.670336	1.533298	0.315902
374.700012	1.530014	0.672671	1.535661	0.317123
375	1.535903	0.674999	1.53802	0.31834
375.299988	1.541991	0.677003	1.540471	0.319423
375.600006	1.548057	0.679001	1.542918	0.320503
375.899994	1.554098	0.680994	1.545362	0.32158
376.200012	1.560234	0.68276	1.547843	0.322556
376.5	1.566404	0.684411	1.550341	0.323481
376.799988	1.57255	0.68606	1.552835	0.324404
377.100006	1.578715	0.687594	1.555331	0.325279
377.399994	1.584944	0.688903	1.557835	0.326062
377.700012	1.591149	0.690213	1.560336	0.326843
378	1.597331	0.691522	1.562832	0.327623
378.299988	1.603567	0.692508	1.565324	0.328294
378.600006	1.609781	0.693496	1.567812	0.328963
378.899994	1.615972	0.694487	1.570296	0.329631
379.200012	1.622173	0.695295	1.572773	0.330243
379.5	1.628368	0.696016	1.575243	0.330827
379.799988	1.634541	0.69674	1.57771	0.331409
380.100006	1.640715	0.697389	1.580172	0.331971
380.399994	1.646914	0.697884	1.582628	0.332491
380.700012	1.653092	0.698385	1.58508	0.33301
381	1.65925	0.69889	1.587528	0.333529
381.299988	1.665488	0.699137	1.58998	0.334007
381.600006	1.671706	0.699391	1.592427	0.334484
381.899994	1.677903	0.699652	1.594871	0.33496
382.200012	1.684124	0.69971	1.59733	0.335419
382.5	1.690345	0.699673	1.599794	0.335868
382.799988	1.696548	0.699644	1.602255	0.336316
383.100006	1.702722	0.699526	1.604729	0.336754
383.399994	1.70886	0.699223	1.607235	0.337171
383.700012	1.71498	0.69893	1.609736	0.337587
384	1.721081	0.698646	1.612234	0.338002
384.299988	1.727124	0.698183	1.614792	0.338375
384.600006	1.73315	0.69773	1.617345	0.338747
384.899994	1.739159	0.697287	1.619895	0.339118
385.200012	1.745173	0.69677	1.622487	0.339455
385.5	1.751182	0.696223	1.625098	0.339773
385.799988	1.757175	0.695685	1.627704	0.340092
386.100006	1.763189	0.695105	1.630331	0.340389
386.399994	1.769261	0.694429	1.633002	0.340645
386.700012	1.775317	0.693764	1.635669	0.340901
387	1.781356	0.69311	1.638331	0.341158
387.299988	1.787505	0.692258	1.641063	0.341344
387.600006	1.793637	0.691418	1.64379	0.34153
387.899994	1.799754	0.690589	1.646513	0.341717
388.200012	1.805931	0.689615	1.649279	0.341852
388.5	1.812131	0.688576	1.652063	0.341963
388.799988	1.818315	0.687549	1.654844	0.342074
389.100006	1.824521	0.686452	1.657643	0.34216
389.399994	1.830786	0.685205	1.660483	0.342196
389.700012	1.837035	0.683971	1.663319	0.342233
390	1.84327	0.682751	1.666149	0.342271
390.299988	1.849602	0.681287	1.66905	0.342237
390.600006	1.85592	0.679838	1.671945	0.342203
390.899994	1.862223	0.678404	1.674835	0.342171
391.200012	1.868589	0.676806	1.677777	0.342092
391.5	1.874981	0.675134	1.680741	0.34199
391.799988	1.881358	0.673479	1.683701	0.34189
392.100006	1.887763	0.671746	1.686688	0.341767
392.399994	1.894238	0.669843	1.689736	0.341599
392.700012	1.900699	0.667958	1.692779	0.341432
393	1.907146	0.666091	1.695817	0.341267
393.299988	1.913723	0.663955	1.698972	0.341031
393.600006	1.920286	0.661838	1.702121	0.340798
393.899994	1.926835	0.659741	1.705265	0.340566
394.200012	1.933499	0.657465	1.708513	0.340283
394.5	1.940213	0.655112	1.711812	0.339976
394.799988	1.946913	0.65278	1.715104	0.339671
395.100006	1.9537	0.650348	1.718464	0.339323
395.399994	1.960673	0.6477	1.721967	0.338886
395.700012	1.967633	0.645074	1.725463	0.338453
396	1.974579	0.642472	1.728952	0.338022
396.299988	1.981852	0.63933	1.732665	0.33737
396.600006	1.989112	0.636214	1.736372	0.336722
396.899994	1.99636	0.633126	1.740071	0.336079
397.200012	2.003754	0.629559	1.743902	0.335237
397.5	2.011219	0.62577	1.747794	0.3343
397.799988	2.018672	0.622012	1.75168	0.333368
398.100006	2.026136	0.617997	1.755613	0.332316
398.399994	2.033637	0.613439	1.759648	0.331022
398.700012	2.04113	0.608916	1.763677	0.329735
399	2.048617	0.604428	1.767699	0.328455
399.299988	2.056011	0.599068	1.771816	0.326743
399.600006	2.063405	0.593748	1.775927	0.325041
399.899994	2.070796	0.588465	1.780031	0.323348
400.200012	2.078022	0.582598	1.784139	0.321334
400.5	2.085169	0.576459	1.788246	0.319166
400.799988	2.092321	0.57036	1.792348	0.317008
401.100006	2.09934	0.563995	1.796405	0.314692
401.399994	2.106095	0.557055	1.800379	0.312047
401.700012	2.112862	0.550157	1.804351	0.309414
402	2.11964	0.5433	1.808319	0.306794
402.299988	2.125859	0.535589	1.812064	0.303738
402.600006	2.132099	0.527918	1.815808	0.300695
402.899994	2.138357	0.520287	1.819552	0.297664
403.200012	2.14412	0.512154	1.823112	0.294391
403.5	2.149653	0.503787	1.826582	0.291003
403.799988	2.155213	0.495457	1.830054	0.287627
404.100006	2.160496	0.486948	1.833424	0.284155
404.399994	2.165205	0.47804	1.836592	0.280479
404.700012	2.169948	0.469164	1.839763	0.276815
405	2.174723	0.46032	1.842938	0.273163
405.299988	2.178531	0.451017	1.845789	0.269251
405.600006	2.182378	0.441739	1.848644	0.26535
405.899994	2.186262	0.432487	1.851506	0.26146
406.200012	2.189474	0.42308	1.854147	0.257432
406.5	2.192372	0.413602	1.856683	0.253341
406.799988	2.195309	0.404142	1.859225	0.24926
407.100006	2.197953	0.394691	1.861663	0.245129
407.399994	2.199969	0.385236	1.863886	0.240889
407.700012	2.202026	0.375791	1.866117	0.236657
408	2.204123	0.366358	1.868356	0.232435
408.299988	2.205492	0.357052	1.870286	0.228063
408.600006	2.2069	0.347752	1.872225	0.223698
408.899994	2.208347	0.338458	1.874174	0.219342
409.200012	2.209443	0.32914	1.875919	0.214891
409.5	2.210383	0.31981	1.877569	0.210395
409.799988	2.211362	0.310483	1.879228	0.205905
410.100006	2.212152	0.301072	1.880788	0.201373
410.399994	2.212526	0.29149	1.882138	0.196745
410.700012	2.212941	0.281905	1.883499	0.192123
411	2.213397	0.272319	1.884871	0.187506
411.299988	2.212857	0.262459	1.885903	0.182747
411.600006	2.212361	0.252588	1.886948	0.177993
411.899994	2.211907	0.242709	1.888004	0.173242
412.200012	2.210662	0.232851	1.888819	0.168401
412.5	2.209041	0.222991	1.889519	0.163515
412.799988	2.207461	0.213113	1.890232	0.158631
413.100006	2.205505	0.203341	1.890816	0.153704
413.399994	2.20275	0.193795	1.89113	0.148686
413.700012	2.200032	0.184221	1.891457	0.143669
414	2.19735	0.174621	1.891797	0.138652
414.299988	2.193564	0.165626	1.891645	0.133511
414.600006	2.189806	0.156598	1.891507	0.128369
414.899994	2.186077	0.147537	1.891383	0.123224
415.200012	2.181711	0.139	1.890867	0.118059
415.5	2.177033	0.130705	1.890163	0.11288
415.799988	2.172374	0.122373	1.889472	0.107697
416.100006	2.16747	0.114347	1.888582	0.102545
416.399994	2.162045	0.106966	1.887279	0.097459
416.700012	2.156631	0.099547	1.885988	0.092365
417	2.151227	0.092091	1.88471	0.087264
417.299988	2.145287	0.085714	1.882813	0.082395
417.600006	2.139349	0.079302	1.880926	0.077515
417.899994	2.133412	0.072853	1.879049	0.072626
418.200012	2.127263	0.067139	1.876788	0.067972
418.5	2.121002	0.061777	1.874336	0.063429
418.799988	2.114735	0.056383	1.871893	0.058874
419.100006	2.108448	0.051346	1.869281	0.054472
419.399994	2.102121	0.047058	1.866324	0.050388
419.700012	2.095783	0.042744	1.863371	0.046291
420	2.089434	0.038405	1.860423	0.04218
420.299988	2.083297	0.035049	1.857055	0.038677
420.600006	2.077146	0.031673	1.853688	0.035161
420.899994	2.070982	0.028277	1.850321	0.031632
421.200012	2.065033	0.02539	1.84679	0.028579
421.5	2.059184	0.022751	1.843174	0.02576
421.799988	2.053322	0.020097	1.839556	0.02293
422.100006	2.047557	0.017631	1.835933	0.020329
422.399994	2.042001	0.015562	1.832304	0.018197
422.700012	2.036431	0.013481	1.82867	0.016057
423	2.030849	0.011388	1.825031	0.013908
423.299988	2.025555	0.009848	1.821532	0.012363
423.600006	2.020248	0.008301	1.818027	0.010812
423.899994	2.014929	0.006745	1.814516	0.009256
424.200012	2.009825	0.005545	1.811156	0.008029
424.5	2.004824	0.004522	1.807868	0.006967
424.799988	1.99981	0.003493	1.804575	0.005901
425.100006	1.994935	0.002624	1.801373	0.004964
425.399994	1.990348	0.00208	1.798359	0.004291
425.700012	1.98575	0.001533	1.795341	0.003615
426	1.981142	0.000984	1.792318	0.002938
426.299988	1.97705	0.000769	1.789611	0.002554
426.600006	1.97295	0.000554	1.7869	0.002169
426.899994	1.968841	0.000338	1.784185	0.001783
427.200012	1.965065	0.00023	1.781683	0.001525
427.5	1.961453	0.000176	1.779287	0.001331
427.799988	1.957835	0.000122	1.776888	0.001137
428.100006	1.954345	0.000079	1.774585	0.000974
428.399994	1.951119	0.000061	1.772481	0.000873
428.700012	1.947888	0.000042	1.770373	0.000772
429	1.944651	0.000023	1.768264	0.00067
429.299988	1.941715	0.000017	1.76638	0.000598
429.600006	1.938775	0.00001	1.764495	0.000525
429.899994	1.93583	0.000004	1.762607	0.000453
430.200012	1.933049	0.000002	1.760834	0.000393
430.5	1.930347	0.000001	1.759117	0.000341
430.799988	1.927642	0	1.757399	0.000288
431.100006	1.925003	0	1.755727	0.000241
431.399994	1.922502	0	1.75415	0.000206
431.700012	1.919997	0	1.752572	0.00017
432	1.917488	0	1.750992	0.000134
432.299988	1.915156	0	1.749536	0.000112
432.600006	1.912822	0	1.748078	0.00009
432.899994	1.910484	0	1.746619	0.000067
433.200012	1.908249	0	1.745232	0.000052
433.5	1.906062	0	1.743879	0.00004
433.799988	1.903873	0	1.742526	0.000028
434.100006	1.901728	0	1.741204	0.000018
434.399994	1.899673	0	1.739946	0.000013
434.700012	1.897615	0	1.738686	0.000008
435	1.895555	0	1.737426	0.000003
435.299988	1.893617	0	1.736251	0.000002
435.600006	1.891676	0	1.735075	0.000001
435.899994	1.889733	0	1.733898	0
436.200012	1.887863	0	1.732771	0
436.5	1.886027	0	1.731668	0
436.799988	1.884189	0	1.730565	0
437.100006	1.882383	0	1.729483	0
437.399994	1.880643	0	1.728445	0
437.700012	1.8789	0	1.727406	0
438	1.877156	0	1.726367	0
438.299988	1.875502	0	1.725386	0
438.600006	1.873846	0	1.724404	0
438.899994	1.872188	0	1.723422	0
439.200012	1.870585	0	1.722475	0
439.5	1.869008	0	1.721545	0
439.799988	1.86743	0	1.720614	0
440.100006	1.865876	0	1.719699	0
440.399994	1.864371	0	1.718815	0
440.700012	1.862866	0	1.717932	0
441	1.861359	0	1.717047	0
441.299988	1.859921	0	1.716206	0
441.600006	1.858483	0	1.715365	0
441.899994	1.857043	0	1.714523	0
442.200012	1.855645	0	1.713708	0
442.5	1.854268	0	1.712906	0
442.799988	1.85289	0	1.712103	0
443.100006	1.851531	0	1.711312	0
443.399994	1.850212	0	1.710546	0
443.700012	1.848891	0	1.709779	0
444	1.84757	0	1.709012	0
444.299988	1.846303	0	1.708278	0
444.600006	1.845036	0	1.707544	0
444.899994	1.843768	0	1.70681	0
445.200012	1.842534	0	1.706097	0
445.5	1.841316	0	1.705394	0
445.799988	1.840098	0	1.70469	0
446.100006	1.838895	0	1.703996	0
446.399994	1.837724	0	1.703322	0
446.700012	1.836552	0	1.702647	0
447	1.83538	0	1.701972	0
447.299988	1.834252	0	1.701323	0
447.600006	1.833124	0	1.700675	0
447.899994	1.831995	0	1.700026	0
448.200012	1.830894	0	1.699394	0
448.5	1.829806	0	1.69877	0
448.799988	1.828718	0	1.698146	0
449.100006	1.827643	0	1.69753	0
449.399994	1.826594	0	1.69693	0
449.700012	1.825544	0	1.696329	0
450	1.824494	0	1.695728	0
450.299988	1.823481	0	1.695149	0
450.600006	1.822468	0	1.69457	0
450.899994	1.821454	0	1.69399	0
451.200012	1.820463	0	1.693425	0
451.5	1.819484	0	1.692866	0
451.799988	1.818504	0	1.692307	0
452.100006	1.817535	0	1.691755	0
452.399994	1.816588	0	1.691215	0
452.700012	1.81564	0	1.690675	0
453	1.814692	0	1.690136	0
453.299988	1.813775	0	1.689614	0
453.600006	1.812858	0	1.689093	0
453.899994	1.81194	0	1.688571	0
454.200012	1.811043	0	1.68806	0
454.5	1.810154	0	1.687556	0
454.799988	1.809266	0	1.687051	0
455.100006	1.808386	0	1.686552	0
455.399994	1.807526	0	1.686063	0
455.700012	1.806664	0	1.685575	0
456	1.805803	0	1.685086	0
456.299988	1.804968	0	1.684613	0
456.600006	1.804133	0	1.68414	0
456.899994	1.803297	0	1.683666	0
457.200012	1.802479	0	1.683203	0
457.5	1.801668	0	1.682744	0
457.799988	1.800858	0	1.682285	0
458.100006	1.800055	0	1.681831	0
458.399994	1.799268	0	1.681386	0
458.700012	1.798481	0	1.680941	0
459	1.797693	0	1.680495	0
459.299988	1.796929	0	1.680063	0
459.600006	1.796164	0	1.679631	0
459.899994	1.795399	0	1.679199	0
460.200012	1.794648	0	1.678775	0
460.5	1.793905	0	1.678356	0
460.799988	1.793162	0	1.677936	0
461.100006	1.792425	0	1.67752	0
461.399994	1.791702	0	1.677112	0
461.700012	1.790979	0	1.676704	0
462	1.790255	0	1.676296	0
462.299988	1.789552	0	1.6759	0
462.600006	1.788849	0	1.675503	0
462.899994	1.788145	0	1.675107	0
463.200012	1.787454	0	1.674717	0
463.5	1.786769	0	1.674331	0
463.799988	1.786084	0	1.673945	0
464.100006	1.785404	0	1.673563	0
464.399994	1.784737	0	1.673187	0
464.700012	1.78407	0	1.672812	0
465	1.783403	0	1.672436	0
465.299988	1.782753	0	1.67207	0
465.600006	1.782103	0	1.671705	0
465.899994	1.781452	0	1.671339	0
466.200012	1.780813	0	1.670979	0
466.5	1.78018	0	1.670623	0
466.799988	1.779546	0	1.670267	0
467.100006	1.778917	0	1.669913	0
467.399994	1.778299	0	1.669566	0
467.700012	1.777681	0	1.669218	0
468	1.777063	0	1.668871	0
468.299988	1.77646	0	1.668532	0
468.600006	1.775857	0	1.668194	0
468.899994	1.775254	0	1.667855	0
469.200012	1.774661	0	1.667522	0
469.5	1.774073	0	1.667191	0
469.799988	1.773484	0	1.666861	0
470.100006	1.7729	0	1.666533	0
470.399994	1.772326	0	1.66621	0
470.700012	1.771751	0	1.665888	0
471	1.771176	0	1.665565	0
471.299988	1.770615	0	1.66525	0
471.600006	1.770054	0	1.664936	0
471.899994	1.769493	0	1.664621	0
472.200012	1.76894	0	1.664311	0
472.5	1.768392	0	1.664003	0
472.799988	1.767844	0	1.663695	0
473.100006	1.7673	0	1.66339	0
473.399994	1.766764	0	1.66309	0
473.700012	1.766228	0	1.662789	0
474	1.765692	0	1.662489	0
474.299988	1.765169	0	1.662195	0
474.600006	1.764645	0	1.661901	0
474.899994	1.764121	0	1.661608	0
475.200012	1.763605	0	1.661318	0
475.5	1.763093	0	1.661031	0
475.799988	1.76258	0	1.660744	0
476.100006	1.762071	0	1.660459	0
476.399994	1.76157	0	1.660178	0
476.700012	1.761069	0	1.659897	0
477	1.760568	0	1.659616	0
477.299988	1.760078	0	1.659341	0
477.600006	1.759587	0	1.659067	0
477.899994	1.759097	0	1.658792	0
478.200012	1.758613	0	1.658521	0
478.5	1.758134	0	1.658252	0
478.799988	1.757653	0	1.657983	0
479.100006	1.757177	0	1.657716	0
479.399994	1.756707	0	1.657453	0
479.700012	1.756237	0	1.657189	0
480	1.755767	0	1.656926	0
480.299988	1.755307	0	1.656668	0
480.600006	1.754846	0	1.656411	0
480.899994	1.754386	0	1.656153	0
481.200012	1.753932	0	1.655898	0
481.5	1.753481	0	1.655646	0
481.799988	1.75303	0	1.655393	0
482.100006	1.752582	0	1.655143	0
482.399994	1.752141	0	1.654895	0
482.700012	1.751699	0	1.654648	0
483	1.751257	0	1.6544	0
483.299988	1.750824	0	1.654158	0
483.600006	1.750391	0	1.653915	0
483.899994	1.749958	0	1.653673	0
484.200012	1.749531	0	1.653433	0
484.5	1.749106	0	1.653196	0
484.799988	1.748682	0	1.652958	0
485.100006	1.74826	0	1.652722	0
485.399994	1.747844	0	1.652488	0
485.700012	1.747427	0	1.652255	0
486	1.747011	0	1.652022	0
486.299988	1.746603	0	1.651794	0
486.600006	1.746195	0	1.651565	0
486.899994	1.745786	0	1.651336	0
487.200012	1.745383	0	1.65111	0
487.5	1.744983	0	1.650886	0
487.799988	1.744582	0	1.650662	0
488.100006	1.744184	0	1.650439	0
488.399994	1.743791	0	1.650219	0
488.700012	1.743398	0	1.649999	0
489	1.743005	0	1.649778	0
489.299988	1.74262	0	1.649562	0
489.600006	1.742234	0	1.649346	0
489.899994	1.741848	0	1.64913	0
490.200012	1.741467	0	1.648917	0
490.5	1.741089	0	1.648705	0
490.799988	1.74071	0	1.648493	0
491.100006	1.740334	0	1.648282	0
491.399994	1.739962	0	1.648074	0
491.700012	1.73959	0	1.647865	0
492	1.739218	0	1.647657	0
492.299988	1.738853	0	1.647452	0
492.600006	1.738488	0	1.647248	0
492.899994	1.738123	0	1.647043	0
493.200012	1.737763	0	1.646841	0
493.5	1.737404	0	1.64664	0
493.799988	1.737045	0	1.646439	0
494.100006	1.736689	0	1.646239	0
494.399994	1.736337	0	1.646042	0
494.700012	1.735984	0	1.645844	0
495	1.735632	0	1.645647	0
495.299988	1.735286	0	1.645453	0
495.600006	1.73494	0	1.645259	0
495.899994	1.734594	0	1.645065	0
496.200012	1.734252	0	1.644873	0
496.5	1.733911	0	1.644682	0
496.799988	1.733571	0	1.644491	0
497.100006	1.733233	0	1.644302	0
497.399994	1.732899	0	1.644114	0
497.700012	1.732564	0	1.643927	0
498	1.73223	0	1.643739	0
498.299988	1.731901	0	1.643555	0
498.600006	1.731573	0	1.64337	0
498.899994	1.731244	0	1.643186	0
499.200012	1.730919	0	1.643004	0
499.5	1.730595	0	1.642822	0
499.799988	1.730272	0	1.642641	0
