Opt. Const. of SubNc vs. nm,,,,
nm	"n	 Ordinary"	"k	 Ordinary"	"n	 Extra-ordinary"	"k	 Extra-ordinary"
350.000000	2.249764	0.426481	1.792130	0.102327
351.000000	2.248822	0.410462	1.790668	0.100683
352.000000	2.246866	0.394804	1.789212	0.099060
353.000000	2.243973	0.379598	1.787763	0.097458
354.000000	2.240224	0.364922	1.786318	0.095877
355.000000	2.235709	0.350839	1.784878	0.094317
356.000000	2.230518	0.337399	1.783442	0.092779
357.000000	2.224743	0.324635	1.782010	0.091262
358.000000	2.218474	0.312571	1.780582	0.089766
359.000000	2.211799	0.301217	1.779156	0.088291
360.000000	2.204801	0.290571	1.777733	0.086838
361.000000	2.197558	0.280625	1.776312	0.085405
362.000000	2.190142	0.271360	1.774893	0.083994
363.000000	2.182619	0.262751	1.773476	0.082603
364.000000	2.175046	0.254768	1.772061	0.081233
365.000000	2.167474	0.247377	1.770647	0.079884
366.000000	2.159948	0.240540	1.769234	0.078556
367.000000	2.152503	0.234219	1.767822	0.077248
368.000000	2.145170	0.228372	1.766412	0.075960
369.000000	2.137972	0.222960	1.765002	0.074693
370.000000	2.130927	0.217944	1.763593	0.073445
371.000000	2.124048	0.213286	1.762184	0.072218
372.000000	2.117343	0.208949	1.760776	0.071011
373.000000	2.110817	0.204898	1.759368	0.069824
374.000000	2.104469	0.201104	1.757961	0.068656
375.000000	2.098297	0.197535	1.756554	0.067508
376.000000	2.092297	0.194167	1.755147	0.066379
377.000000	2.086461	0.190974	1.753741	0.065270
378.000000	2.080782	0.187935	1.752334	0.064180
379.000000	2.075249	0.185031	1.750928	0.063109
380.000000	2.069853	0.182246	1.749521	0.062057
381.000000	2.064580	0.179564	1.748114	0.061025
382.000000	2.059420	0.176974	1.746708	0.060011
383.000000	2.054360	0.174465	1.745301	0.059016
384.000000	2.049384	0.172028	1.743894	0.058039
385.000000	2.044480	0.169656	1.742488	0.057081
386.000000	2.039629	0.167345	1.741081	0.056142
387.000000	2.034815	0.165095	1.739673	0.055221
388.000000	2.030017	0.162907	1.738266	0.054319
389.000000	2.025214	0.160791	1.736859	0.053434
390.000000	2.020386	0.158762	1.735451	0.052568
391.000000	2.015511	0.156848	1.734043	0.051721
392.000000	2.010575	0.155085	1.732635	0.050891
393.000000	2.005575	0.153526	1.731228	0.050080
394.000000	2.000526	0.152229	1.729819	0.049286
395.000000	1.995468	0.151262	1.728411	0.048511
396.000000	1.990470	0.150684	1.727003	0.047753
397.000000	1.985636	0.150539	1.725595	0.047014
398.000000	1.981097	0.150837	1.724187	0.046292
399.000000	1.977002	0.151539	1.722780	0.045589
400.000000	1.973496	0.152548	1.721372	0.044903
401.000000	1.970696	0.153709	1.719965	0.044235
402.000000	1.968668	0.154817	1.718558	0.043585
403.000000	1.967404	0.155639	1.717152	0.042952
404.000000	1.966814	0.155947	1.715746	0.042338
405.000000	1.966728	0.155549	1.714341	0.041741
406.000000	1.966919	0.154317	1.712937	0.041162
407.000000	1.967125	0.152207	1.711534	0.040601
408.000000	1.967091	0.149265	1.710132	0.040058
409.000000	1.966596	0.145613	1.708730	0.039532
410.000000	1.965477	0.141432	1.707331	0.039024
411.000000	1.963645	0.136935	1.705932	0.038533
412.000000	1.961083	0.132333	1.704536	0.038060
413.000000	1.957838	0.127819	1.703141	0.037605
414.000000	1.954006	0.123543	1.701748	0.037167
415.000000	1.949709	0.119607	1.700357	0.036747
416.000000	1.945075	0.116067	1.698969	0.036344
417.000000	1.940228	0.112933	1.697583	0.035959
418.000000	1.935271	0.110185	1.696200	0.035591
419.000000	1.930283	0.107780	1.694820	0.035240
420.000000	1.925318	0.105667	1.693443	0.034906
421.000000	1.920408	0.103790	1.692069	0.034590
422.000000	1.915565	0.102100	1.690699	0.034290
423.000000	1.910789	0.100555	1.689332	0.034008
424.000000	1.906072	0.099122	1.687970	0.033742
425.000000	1.901398	0.097776	1.686612	0.033492
426.000000	1.896753	0.096502	1.685259	0.033260
427.000000	1.892119	0.095291	1.683910	0.033043
428.000000	1.887482	0.094137	1.682566	0.032843
429.000000	1.882829	0.093041	1.681227	0.032659
430.000000	1.878147	0.092005	1.679894	0.032490
431.000000	1.873427	0.091036	1.678566	0.032337
432.000000	1.868661	0.090138	1.677244	0.032200
433.000000	1.863841	0.089322	1.675929	0.032078
434.000000	1.858964	0.088597	1.674619	0.031971
435.000000	1.854026	0.087973	1.673316	0.031878
436.000000	1.849026	0.087463	1.672020	0.031800
437.000000	1.843964	0.087078	1.670731	0.031736
438.000000	1.838842	0.086833	1.669449	0.031686
439.000000	1.833665	0.086741	1.668174	0.031650
440.000000	1.828439	0.086816	1.666907	0.031627
441.000000	1.823173	0.087072	1.665647	0.031617
442.000000	1.817878	0.087523	1.664396	0.031620
443.000000	1.812570	0.088181	1.663152	0.031635
444.000000	1.807264	0.089059	1.661916	0.031662
445.000000	1.801978	0.090167	1.660689	0.031700
446.000000	1.796736	0.091513	1.659470	0.031750
447.000000	1.791561	0.093103	1.658259	0.031811
448.000000	1.786478	0.094941	1.657057	0.031882
449.000000	1.781515	0.097026	1.655863	0.031963
450.000000	1.776701	0.099354	1.654679	0.032054
451.000000	1.772064	0.101918	1.653503	0.032154
452.000000	1.767636	0.104705	1.652335	0.032263
453.000000	1.763444	0.107699	1.651177	0.032380
454.000000	1.759516	0.110879	1.650027	0.032505
455.000000	1.755879	0.114219	1.648885	0.032637
456.000000	1.752555	0.117691	1.647753	0.032777
457.000000	1.749565	0.121261	1.646629	0.032923
458.000000	1.746923	0.124891	1.645514	0.033076
459.000000	1.744641	0.128543	1.644406	0.033234
460.000000	1.742726	0.132175	1.643307	0.033397
461.000000	1.741177	0.135744	1.642217	0.033565
462.000000	1.739990	0.139206	1.641134	0.033738
463.000000	1.739154	0.142517	1.640059	0.033914
464.000000	1.738652	0.145636	1.638991	0.034094
465.000000	1.738462	0.148523	1.637931	0.034276
466.000000	1.738557	0.151141	1.636878	0.034462
467.000000	1.738904	0.153455	1.635831	0.034649
468.000000	1.739469	0.155437	1.634791	0.034838
469.000000	1.740211	0.157061	1.633757	0.035028
470.000000	1.741088	0.158308	1.632729	0.035219
471.000000	1.742057	0.159164	1.631706	0.035410
472.000000	1.743073	0.159620	1.630689	0.035601
473.000000	1.744089	0.159673	1.629676	0.035791
474.000000	1.745061	0.159323	1.628667	0.035981
475.000000	1.745944	0.158580	1.627662	0.036169
476.000000	1.746697	0.157453	1.626660	0.036356
477.000000	1.747280	0.155961	1.625661	0.036540
478.000000	1.747654	0.154123	1.624664	0.036722
479.000000	1.747785	0.151963	1.623669	0.036902
480.000000	1.747644	0.149509	1.622675	0.037078
481.000000	1.747202	0.146790	1.621681	0.037250
482.000000	1.746436	0.143837	1.620687	0.037419
483.000000	1.745327	0.140685	1.619693	0.037584
484.000000	1.743858	0.137365	1.618697	0.037744
485.000000	1.742020	0.133914	1.617698	0.037900
486.000000	1.739802	0.130366	1.616697	0.038051
487.000000	1.737201	0.126755	1.615692	0.038197
488.000000	1.734216	0.123113	1.614683	0.038337
489.000000	1.730849	0.119475	1.613668	0.038472
490.000000	1.727104	0.115869	1.612647	0.038601
491.000000	1.722989	0.112327	1.611619	0.038724
492.000000	1.718514	0.108875	1.610583	0.038841
493.000000	1.713690	0.105540	1.609538	0.038952
494.000000	1.708532	0.102344	1.608483	0.039057
495.000000	1.703053	0.099310	1.607418	0.039155
496.000000	1.697269	0.096457	1.606340	0.039247
497.000000	1.691199	0.093801	1.605249	0.039333
498.000000	1.684858	0.091360	1.604144	0.039413
499.000000	1.678265	0.089144	1.603023	0.039486
500.000000	1.671437	0.087167	1.601886	0.039554
501.000000	1.664392	0.085437	1.600730	0.039616
502.000000	1.657149	0.083962	1.599556	0.039672
503.000000	1.649724	0.082748	1.598360	0.039723
504.000000	1.642133	0.081799	1.597143	0.039769
505.000000	1.634393	0.081120	1.595903	0.039810
506.000000	1.626520	0.080711	1.594637	0.039848
507.000000	1.618528	0.080576	1.593345	0.039882
508.000000	1.610430	0.080712	1.592025	0.039913
509.000000	1.602241	0.081121	1.590675	0.039943
510.000000	1.593971	0.081801	1.589293	0.039971
511.000000	1.585634	0.082751	1.587879	0.039999
512.000000	1.577239	0.083968	1.586430	0.040028
513.000000	1.568796	0.085451	1.584944	0.040059
514.000000	1.560315	0.087197	1.583420	0.040094
515.000000	1.551805	0.089203	1.581856	0.040133
516.000000	1.543273	0.091466	1.580250	0.040179
517.000000	1.534727	0.093985	1.578600	0.040234
518.000000	1.526173	0.096757	1.576905	0.040298
519.000000	1.517620	0.099779	1.575163	0.040375
520.000000	1.509072	0.103048	1.573371	0.040466
521.000000	1.500536	0.106563	1.571528	0.040575
522.000000	1.492018	0.110321	1.569634	0.040703
523.000000	1.483522	0.114321	1.567685	0.040854
524.000000	1.475054	0.118559	1.565680	0.041031
525.000000	1.466620	0.123036	1.563619	0.041236
526.000000	1.458224	0.127748	1.561499	0.041474
527.000000	1.449871	0.132694	1.559319	0.041748
528.000000	1.441566	0.137873	1.557080	0.042062
529.000000	1.433314	0.143282	1.554779	0.042421
530.000000	1.425120	0.148921	1.552416	0.042827
531.000000	1.416988	0.154788	1.549991	0.043287
532.000000	1.408923	0.160881	1.547503	0.043805
533.000000	1.400930	0.167199	1.544953	0.044385
534.000000	1.393014	0.173740	1.542342	0.045032
535.000000	1.385178	0.180502	1.539669	0.045753
536.000000	1.377428	0.187484	1.536937	0.046552
537.000000	1.369769	0.194684	1.534145	0.047436
538.000000	1.362203	0.202099	1.531297	0.048408
539.000000	1.354737	0.209729	1.528395	0.049476
540.000000	1.347373	0.217570	1.525441	0.050645
541.000000	1.340116	0.225622	1.522439	0.051920
542.000000	1.332970	0.233882	1.519392	0.053308
543.000000	1.325938	0.242348	1.516304	0.054814
544.000000	1.319025	0.251018	1.513180	0.056444
545.000000	1.312233	0.259890	1.510025	0.058204
546.000000	1.305566	0.268964	1.506846	0.060098
547.000000	1.299027	0.278236	1.503647	0.062131
548.000000	1.292619	0.287706	1.500436	0.064309
549.000000	1.286346	0.297372	1.497221	0.066636
550.000000	1.280211	0.307233	1.494008	0.069116
551.000000	1.274216	0.317289	1.490807	0.071753
552.000000	1.268364	0.327539	1.487626	0.074550
553.000000	1.262659	0.337982	1.484475	0.077508
554.000000	1.257105	0.348619	1.481362	0.080632
555.000000	1.251704	0.359449	1.478299	0.083921
556.000000	1.246462	0.370474	1.475295	0.087377
557.000000	1.241380	0.381694	1.472362	0.090998
558.000000	1.236466	0.393110	1.469510	0.094786
559.000000	1.231723	0.404723	1.466751	0.098736
560.000000	1.227157	0.416534	1.464095	0.102848
561.000000	1.222775	0.428545	1.461554	0.107116
562.000000	1.218583	0.440757	1.459140	0.111538
563.000000	1.214589	0.453171	1.456862	0.116106
564.000000	1.210801	0.465787	1.454733	0.120815
565.000000	1.207229	0.478607	1.452762	0.125658
566.000000	1.203881	0.491631	1.450959	0.130625
567.000000	1.200768	0.504858	1.449335	0.135707
568.000000	1.197902	0.518287	1.447897	0.140894
569.000000	1.195294	0.531917	1.446654	0.146176
570.000000	1.192956	0.545745	1.445614	0.151539
571.000000	1.190903	0.559766	1.444782	0.156971
572.000000	1.189146	0.573977	1.444164	0.162459
573.000000	1.187700	0.588371	1.443765	0.167989
574.000000	1.186578	0.602941	1.443587	0.173547
575.000000	1.185794	0.617678	1.443633	0.179117
576.000000	1.185363	0.632573	1.443904	0.184684
577.000000	1.185297	0.647614	1.444398	0.190233
578.000000	1.185609	0.662788	1.445114	0.195750
579.000000	1.186313	0.678081	1.446050	0.201217
580.000000	1.187420	0.693477	1.447199	0.206622
581.000000	1.188941	0.708960	1.448557	0.211948
582.000000	1.190885	0.724511	1.450117	0.217182
583.000000	1.193262	0.740112	1.451870	0.222310
584.000000	1.196078	0.755741	1.453806	0.227318
585.000000	1.199340	0.771379	1.455915	0.232196
586.000000	1.203052	0.787002	1.458185	0.236931
587.000000	1.207216	0.802589	1.460603	0.241513
588.000000	1.211834	0.818116	1.463156	0.245934
589.000000	1.216906	0.833560	1.465828	0.250184
590.000000	1.222428	0.848897	1.468606	0.254259
591.000000	1.228398	0.864104	1.471472	0.258151
592.000000	1.234809	0.879157	1.474410	0.261858
593.000000	1.241654	0.894033	1.477405	0.265377
594.000000	1.248924	0.908708	1.480438	0.268706
595.000000	1.256607	0.923162	1.483492	0.271847
596.000000	1.264692	0.937371	1.486551	0.274802
597.000000	1.273164	0.951314	1.489596	0.277574
598.000000	1.282007	0.964972	1.492613	0.280169
599.000000	1.291205	0.978324	1.495584	0.282593
600.000000	1.300739	0.991353	1.498492	0.284855
601.000000	1.310589	1.004042	1.501324	0.286965
602.000000	1.320733	1.016374	1.504066	0.288934
603.000000	1.331150	1.028334	1.506702	0.290776
604.000000	1.341816	1.039911	1.509223	0.292505
605.000000	1.352705	1.051091	1.511616	0.294136
606.000000	1.363792	1.061864	1.513873	0.295687
607.000000	1.375050	1.072222	1.515985	0.297174
608.000000	1.386451	1.082157	1.517947	0.298619
609.000000	1.397967	1.091666	1.519755	0.300039
610.000000	1.409567	1.100743	1.521406	0.301456
611.000000	1.421223	1.109389	1.522901	0.302890
612.000000	1.432904	1.117603	1.524242	0.304363
613.000000	1.444577	1.125390	1.525432	0.305896
614.000000	1.456212	1.132753	1.526480	0.307509
615.000000	1.467777	1.139701	1.527394	0.309225
616.000000	1.479240	1.146243	1.528186	0.311062
617.000000	1.490568	1.152393	1.528871	0.313039
618.000000	1.501730	1.158166	1.529464	0.315173
619.000000	1.512695	1.163579	1.529984	0.317482
620.000000	1.523431	1.168655	1.530453	0.319978
621.000000	1.533909	1.173417	1.530892	0.322673
622.000000	1.544100	1.177892	1.531327	0.325576
623.000000	1.553976	1.182110	1.531784	0.328695
624.000000	1.563512	1.186105	1.532289	0.332031
625.000000	1.572682	1.189913	1.532871	0.335585
626.000000	1.581467	1.193575	1.533558	0.339353
627.000000	1.589847	1.197133	1.534379	0.343329
628.000000	1.597806	1.200632	1.535360	0.347500
629.000000	1.605334	1.204122	1.536529	0.351853
630.000000	1.612421	1.207654	1.537912	0.356369
631.000000	1.619064	1.211282	1.539530	0.361025
632.000000	1.625266	1.215060	1.541404	0.365798
633.000000	1.631033	1.219048	1.543553	0.370658
634.000000	1.636378	1.223303	1.545989	0.375574
635.000000	1.641320	1.227883	1.548721	0.380513
636.000000	1.645884	1.232849	1.551756	0.385440
637.000000	1.650104	1.238256	1.555093	0.390318
638.000000	1.654017	1.244162	1.558727	0.395110
639.000000	1.657671	1.250619	1.562648	0.399779
640.000000	1.661118	1.257677	1.566841	0.404289
641.000000	1.664416	1.265379	1.571283	0.408605
642.000000	1.667632	1.273766	1.575950	0.412695
643.000000	1.670836	1.282867	1.580807	0.416529
644.000000	1.674102	1.292709	1.585819	0.420081
645.000000	1.677509	1.303308	1.590942	0.423332
646.000000	1.681136	1.314669	1.596131	0.426265
647.000000	1.685065	1.326791	1.601334	0.428872
648.000000	1.689375	1.339662	1.606498	0.431150
649.000000	1.694144	1.353262	1.611565	0.433106
650.000000	1.699445	1.367561	1.616477	0.434755
651.000000	1.705347	1.382522	1.621176	0.436122
652.000000	1.711910	1.398101	1.625602	0.437240
653.000000	1.719187	1.414251	1.629700	0.438157
654.000000	1.727224	1.430918	1.633416	0.438928
655.000000	1.736055	1.448052	1.636703	0.439623
656.000000	1.745710	1.465599	1.639521	0.440321
657.000000	1.756206	1.483512	1.641841	0.441115
658.000000	1.767557	1.501747	1.643644	0.442106
659.000000	1.779768	1.520267	1.644930	0.443407
660.000000	1.792844	1.539043	1.645713	0.445138
661.000000	1.806787	1.558057	1.646029	0.447425
662.000000	1.821604	1.577299	1.645937	0.450397
663.000000	1.837305	1.596769	1.645524	0.454182
664.000000	1.853910	1.616477	1.644900	0.458902
665.000000	1.871449	1.636436	1.644205	0.464667
666.000000	1.889969	1.656666	1.643609	0.471571
667.000000	1.909530	1.677187	1.643307	0.479682
668.000000	1.930215	1.698015	1.643517	0.489040
669.000000	1.952123	1.719157	1.644476	0.499645
670.000000	1.975373	1.740608	1.646432	0.511453
671.000000	2.000100	1.762342	1.649636	0.524373
672.000000	2.026456	1.784310	1.654332	0.538266
673.000000	2.054601	1.806434	1.660743	0.552941
674.000000	2.084700	1.828604	1.669063	0.568162
675.000000	2.116915	1.850672	1.679445	0.583651
676.000000	2.151402	1.872455	1.691994	0.599104
677.000000	2.188297	1.893734	1.706758	0.614192
678.000000	2.227712	1.914254	1.723729	0.628582
679.000000	2.269729	1.933731	1.742841	0.641943
680.000000	2.314389	1.951851	1.763971	0.653961
681.000000	2.361692	1.968287	1.786948	0.664345
682.000000	2.411588	1.982696	1.811560	0.672841
683.000000	2.463978	1.994732	1.837557	0.679229
684.000000	2.518712	2.004056	1.864664	0.683338
685.000000	2.575591	2.010340	1.892591	0.685035
686.000000	2.634366	2.013279	1.921033	0.684238
687.000000	2.694745	2.012597	1.949686	0.680906
688.000000	2.756397	2.008052	1.978248	0.675040
689.000000	2.818955	1.999444	2.006427	0.666682
690.000000	2.882028	1.986618	2.033945	0.655911
691.000000	2.945202	1.969469	2.060543	0.642835
692.000000	3.008051	1.947941	2.085984	0.627595
693.000000	3.070140	1.922033	2.110054	0.610352
694.000000	3.131040	1.891795	2.132567	0.591293
695.000000	3.190326	1.857328	2.153364	0.570615
696.000000	3.247591	1.818781	2.172313	0.548532
697.000000	3.302446	1.776353	2.189314	0.525265
698.000000	3.354532	1.730283	2.204293	0.501037
699.000000	3.403519	1.680848	2.217205	0.476075
700.000000	3.449114	1.628360	2.228032	0.450603
701.000000	3.491064	1.573160	2.236782	0.424837
702.000000	3.529156	1.515611	2.243486	0.398987
703.000000	3.563223	1.456092	2.248198	0.373250
704.000000	3.593142	1.394996	2.250991	0.347812
705.000000	3.618834	1.332718	2.251955	0.322843
706.000000	3.640267	1.269655	2.251196	0.298495
707.000000	3.657451	1.206199	2.248833	0.274906
708.000000	3.670437	1.142731	2.244992	0.252193
709.000000	3.679317	1.079615	2.239811	0.230455
710.000000	3.684216	1.017197	2.233427	0.209773
711.000000	3.685295	0.955801	2.225984	0.190209
712.000000	3.682741	0.895722	2.217624	0.171807
713.000000	3.676768	0.837228	2.208487	0.154595
714.000000	3.667609	0.780557	2.198709	0.138585
715.000000	3.655514	0.725913	2.188421	0.123773
716.000000	3.640745	0.673469	2.177747	0.110143
717.000000	3.623571	0.623364	2.166803	0.097666
718.000000	3.604265	0.575705	2.155693	0.086304
719.000000	3.583099	0.530569	2.144515	0.076011
720.000000	3.560342	0.487999	2.133355	0.066733
721.000000	3.536255	0.448014	2.122287	0.058412
722.000000	3.511089	0.410605	2.111378	0.050984
723.000000	3.485082	0.375738	2.100682	0.044385
724.000000	3.458459	0.343359	2.090245	0.038550
725.000000	3.431426	0.313397	2.080103	0.033413
726.000000	3.404171	0.285763	2.070282	0.028910
727.000000	3.376868	0.260356	2.060805	0.024979
728.000000	3.349667	0.237066	2.051682	0.021561
729.000000	3.322703	0.215775	2.042922	0.018600
730.000000	3.296089	0.196360	2.034526	0.016044
731.000000	3.269924	0.178696	2.026491	0.013844
732.000000	3.244288	0.162657	2.018811	0.011956
733.000000	3.219245	0.148119	2.011477	0.010341
734.000000	3.194845	0.134961	2.004478	0.008962
735.000000	3.171126	0.123067	1.997800	0.007786
736.000000	3.148112	0.112325	1.991429	0.006785
737.000000	3.125819	0.102630	1.985350	0.005935
738.000000	3.104253	0.093882	1.979549	0.005212
739.000000	3.083412	0.085990	1.974008	0.004598
740.000000	3.063289	0.078870	1.968714	0.004076
741.000000	3.043871	0.072442	1.963652	0.003631
742.000000	3.025142	0.066637	1.958807	0.003253
743.000000	3.007082	0.061391	1.954166	0.002930
744.000000	2.989669	0.056644	1.949716	0.002653
745.000000	2.972880	0.052344	1.945445	0.002416
746.000000	2.956691	0.048446	1.941342	0.002211
747.000000	2.941076	0.044906	1.937396	0.002034
748.000000	2.926011	0.041688	1.933598	0.001880
749.000000	2.911472	0.038758	1.929938	0.001746
750.000000	2.897435	0.036086	1.926408	0.001628
751.000000	2.883876	0.033647	1.923001	0.001524
752.000000	2.870774	0.031417	1.919708	0.001433
753.000000	2.858106	0.029375	1.916523	0.001351
754.000000	2.845853	0.027503	1.913441	0.001278
755.000000	2.833995	0.025784	1.910456	0.001213
756.000000	2.822513	0.024204	1.907562	0.001154
757.000000	2.811389	0.022749	1.904754	0.001100
758.000000	2.800608	0.021409	1.902029	0.001051
759.000000	2.790154	0.020171	1.899381	0.001007
760.000000	2.780011	0.019028	1.896808	0.000966
761.000000	2.770166	0.017970	1.894305	0.000929
762.000000	2.760605	0.016990	1.891869	0.000894
763.000000	2.751316	0.016081	1.889498	0.000862
764.000000	2.742286	0.015237	1.887187	0.000833
765.000000	2.733506	0.014453	1.884935	0.000805
766.000000	2.724963	0.013722	1.882740	0.000780
767.000000	2.716649	0.013042	1.880598	0.000755
768.000000	2.708553	0.012406	1.878507	0.000733
769.000000	2.700667	0.011813	1.876466	0.000712
770.000000	2.692981	0.011257	1.874472	0.000692
771.000000	2.685489	0.010737	1.872524	0.000673
772.000000	2.678181	0.010249	1.870619	0.000655
773.000000	2.671052	0.009791	1.868757	0.000638
774.000000	2.664093	0.009361	1.866935	0.000622
775.000000	2.657299	0.008956	1.865152	0.000607
776.000000	2.650663	0.008574	1.863407	0.000593
777.000000	2.644180	0.008214	1.861698	0.000579
778.000000	2.637843	0.007874	1.860024	0.000566
779.000000	2.631647	0.007552	1.858384	0.000553
780.000000	2.625587	0.007248	1.856777	0.000541
781.000000	2.619658	0.006960	1.855202	0.000530
782.000000	2.613857	0.006687	1.853657	0.000519
783.000000	2.608177	0.006427	1.852142	0.000508
784.000000	2.602615	0.006181	1.850655	0.000498
785.000000	2.597168	0.005947	1.849196	0.000488
786.000000	2.591831	0.005724	1.847764	0.000478
787.000000	2.586600	0.005512	1.846359	0.000469
788.000000	2.581473	0.005310	1.844978	0.000460
789.000000	2.576445	0.005117	1.843622	0.000452
790.000000	2.571514	0.004933	1.842290	0.000443
791.000000	2.566676	0.004757	1.840981	0.000435
792.000000	2.561930	0.004589	1.839694	0.000428
793.000000	2.557271	0.004429	1.838430	0.000420
794.000000	2.552698	0.004275	1.837186	0.000413
795.000000	2.548207	0.004129	1.835964	0.000405
796.000000	2.543797	0.003988	1.834761	0.000399
797.000000	2.539465	0.003854	1.833578	0.000392
798.000000	2.535209	0.003725	1.832414	0.000385
799.000000	2.531026	0.003601	1.831268	0.000379
800.000000	2.526916	0.003482	1.830140	0.000373
801.000000	2.522874	0.003369	1.829031	0.000366
802.000000	2.518901	0.003260	1.827938	0.000361
803.000000	2.514993	0.003155	1.826861	0.000355
804.000000	2.511150	0.003054	1.825801	0.000349
805.000000	2.507369	0.002958	1.824757	0.000344
806.000000	2.503649	0.002865	1.823729	0.000338
807.000000	2.499988	0.002776	1.822715	0.000333
808.000000	2.496385	0.002690	1.821717	0.000328
809.000000	2.492838	0.002608	1.820732	0.000323
810.000000	2.489346	0.002529	1.819762	0.000318
811.000000	2.485908	0.002452	1.818805	0.000313
812.000000	2.482522	0.002379	1.817862	0.000308
813.000000	2.479187	0.002309	1.816932	0.000304
814.000000	2.475902	0.002241	1.816015	0.000299
815.000000	2.472665	0.002175	1.815110	0.000295
816.000000	2.469476	0.002112	1.814218	0.000291
817.000000	2.466333	0.002052	1.813337	0.000286
818.000000	2.463236	0.001993	1.812468	0.000282
819.000000	2.460182	0.001937	1.811611	0.000278
820.000000	2.457172	0.001883	1.810765	0.000274
821.000000	2.454205	0.001831	1.809930	0.000270
822.000000	2.451278	0.001780	1.809106	0.000267
823.000000	2.448392	0.001732	1.808292	0.000263
824.000000	2.445546	0.001685	1.807488	0.000259
825.000000	2.442739	0.001640	1.806695	0.000256
826.000000	2.439969	0.001596	1.805911	0.000252
827.000000	2.437236	0.001554	1.805137	0.000249
828.000000	2.434540	0.001514	1.804373	0.000245
829.000000	2.431879	0.001475	1.803618	0.000242
830.000000	2.429252	0.001437	1.802872	0.000239
831.000000	2.426661	0.001400	1.802135	0.000236
832.000000	2.424102	0.001365	1.801407	0.000232
833.000000	2.421576	0.001331	1.800687	0.000229
834.000000	2.419082	0.001298	1.799976	0.000226
835.000000	2.416620	0.001267	1.799273	0.000223
836.000000	2.414188	0.001236	1.798578	0.000220
837.000000	2.411787	0.001207	1.797891	0.000218
838.000000	2.409415	0.001178	1.797212	0.000215
839.000000	2.407072	0.001150	1.796541	0.000212
840.000000	2.404757	0.001124	1.795877	0.000209
841.000000	2.402471	0.001098	1.795221	0.000207
842.000000	2.400212	0.001073	1.794572	0.000204
843.000000	2.397980	0.001049	1.793930	0.000201
844.000000	2.395774	0.001025	1.793295	0.000199
845.000000	2.393594	0.001003	1.792667	0.000196
846.000000	2.391440	0.000981	1.792045	0.000194
847.000000	2.389310	0.000960	1.791431	0.000192
848.000000	2.387205	0.000939	1.790823	0.000189
849.000000	2.385125	0.000919	1.790221	0.000187
850.000000	2.383067	0.000900	1.789626	0.000185
851.000000	2.381033	0.000881	1.789036	0.000182
852.000000	2.379022	0.000863	1.788453	0.000180
853.000000	2.377033	0.000846	1.787876	0.000178
854.000000	2.375067	0.000829	1.787305	0.000176
855.000000	2.373122	0.000813	1.786740	0.000174
856.000000	2.371198	0.000797	1.786180	0.000172
857.000000	2.369295	0.000782	1.785626	0.000170
858.000000	2.367413	0.000767	1.785078	0.000168
859.000000	2.365550	0.000752	1.784535	0.000166
860.000000	2.363708	0.000738	1.783997	0.000164
861.000000	2.361885	0.000725	1.783465	0.000162
862.000000	2.360082	0.000711	1.782938	0.000160
863.000000	2.358297	0.000699	1.782416	0.000158
864.000000	2.356531	0.000686	1.781898	0.000156
865.000000	2.354784	0.000674	1.781386	0.000155
866.000000	2.353054	0.000662	1.780879	0.000153
867.000000	2.351342	0.000651	1.780377	0.000151
868.000000	2.349648	0.000640	1.779879	0.000149
869.000000	2.347970	0.000629	1.779386	0.000148
870.000000	2.346310	0.000619	1.778897	0.000146
871.000000	2.344666	0.000609	1.778413	0.000145
872.000000	2.343038	0.000599	1.777934	0.000143
873.000000	2.341427	0.000590	1.777459	0.000141
874.000000	2.339831	0.000580	1.776988	0.000140
875.000000	2.338251	0.000571	1.776521	0.000138
876.000000	2.336687	0.000563	1.776059	0.000137
877.000000	2.335138	0.000554	1.775601	0.000135
878.000000	2.333603	0.000546	1.775147	0.000134
879.000000	2.332083	0.000538	1.774696	0.000133
880.000000	2.330578	0.000530	1.774250	0.000131
881.000000	2.329087	0.000522	1.773808	0.000130
882.000000	2.327610	0.000515	1.773370	0.000128
883.000000	2.326147	0.000507	1.772935	0.000127
884.000000	2.324698	0.000500	1.772504	0.000126
885.000000	2.323262	0.000494	1.772077	0.000124
886.000000	2.321839	0.000487	1.771653	0.000123
887.000000	2.320430	0.000480	1.771234	0.000122
888.000000	2.319033	0.000474	1.770817	0.000121
889.000000	2.317649	0.000468	1.770404	0.000119
890.000000	2.316278	0.000462	1.769995	0.000118
891.000000	2.314919	0.000456	1.769589	0.000117
892.000000	2.313572	0.000450	1.769186	0.000116
893.000000	2.312237	0.000444	1.768787	0.000115
894.000000	2.310914	0.000439	1.768391	0.000113
895.000000	2.309602	0.000434	1.767998	0.000112
896.000000	2.308302	0.000428	1.767608	0.000111
897.000000	2.307014	0.000423	1.767221	0.000110
898.000000	2.305737	0.000418	1.766838	0.000109
899.000000	2.304471	0.000413	1.766457	0.000108
900.000000	2.303216	0.000409	1.766080	0.000107
901.000000	2.301971	0.000404	1.765706	0.000106
902.000000	2.300737	0.000399	1.765334	0.000105
903.000000	2.299514	0.000395	1.764966	0.000104
904.000000	2.298301	0.000391	1.764600	0.000103
905.000000	2.297098	0.000386	1.764237	0.000102
906.000000	2.295905	0.000382	1.763877	0.000101
907.000000	2.294723	0.000378	1.763520	0.000100
908.000000	2.293550	0.000374	1.763166	0.000099
909.000000	2.292387	0.000370	1.762814	0.000098
910.000000	2.291233	0.000366	1.762465	0.000097
911.000000	2.290089	0.000363	1.762118	0.000096
912.000000	2.288954	0.000359	1.761774	0.000095
913.000000	2.287829	0.000355	1.761433	0.000095
914.000000	2.286712	0.000352	1.761094	0.000094
915.000000	2.285605	0.000348	1.760758	0.000093
916.000000	2.284506	0.000345	1.760424	0.000092
917.000000	2.283416	0.000342	1.760093	0.000091
918.000000	2.282335	0.000338	1.759764	0.000090
919.000000	2.281263	0.000335	1.759437	0.000090
920.000000	2.280199	0.000332	1.759113	0.000089
921.000000	2.279143	0.000329	1.758791	0.000088
922.000000	2.278095	0.000326	1.758472	0.000087
923.000000	2.277056	0.000323	1.758155	0.000086
924.000000	2.276025	0.000320	1.757840	0.000086
925.000000	2.275002	0.000317	1.757527	0.000085
926.000000	2.273986	0.000314	1.757216	0.000084
927.000000	2.272978	0.000312	1.756908	0.000083
928.000000	2.271978	0.000309	1.756602	0.000083
929.000000	2.270986	0.000306	1.756298	0.000082
930.000000	2.270001	0.000303	1.755996	0.000081
931.000000	2.269024	0.000301	1.755696	0.000081
932.000000	2.268054	0.000298	1.755399	0.000080
933.000000	2.267091	0.000296	1.755103	0.000079
934.000000	2.266135	0.000293	1.754809	0.000079
935.000000	2.265187	0.000291	1.754517	0.000078
936.000000	2.264245	0.000289	1.754228	0.000077
937.000000	2.263310	0.000286	1.753940	0.000077
938.000000	2.262383	0.000284	1.753654	0.000076
939.000000	2.261462	0.000282	1.753370	0.000075
940.000000	2.260547	0.000279	1.753088	0.000075
941.000000	2.259640	0.000277	1.752808	0.000074
942.000000	2.258739	0.000275	1.752530	0.000074
943.000000	2.257844	0.000273	1.752253	0.000073
944.000000	2.256956	0.000271	1.751979	0.000072
945.000000	2.256074	0.000269	1.751706	0.000072
946.000000	2.255198	0.000266	1.751435	0.000071
947.000000	2.254329	0.000264	1.751166	0.000071
948.000000	2.253466	0.000262	1.750898	0.000070
949.000000	2.252609	0.000260	1.750632	0.000069
950.000000	2.251757	0.000258	1.750368	0.000069
951.000000	2.250912	0.000257	1.750106	0.000068
952.000000	2.250073	0.000255	1.749845	0.000068
953.000000	2.249239	0.000253	1.749586	0.000067
954.000000	2.248411	0.000251	1.749328	0.000067
955.000000	2.247589	0.000249	1.749072	0.000066
956.000000	2.246773	0.000247	1.748818	0.000066
957.000000	2.245962	0.000245	1.748565	0.000065
958.000000	2.245157	0.000244	1.748314	0.000065
959.000000	2.244357	0.000242	1.748065	0.000064
960.000000	2.243562	0.000240	1.747817	0.000064
961.000000	2.242773	0.000239	1.747570	0.000063
962.000000	2.241989	0.000237	1.747325	0.000063
963.000000	2.241211	0.000235	1.747082	0.000062
964.000000	2.240437	0.000234	1.746840	0.000062
965.000000	2.239669	0.000232	1.746599	0.000061
966.000000	2.238906	0.000230	1.746360	0.000061
967.000000	2.238148	0.000229	1.746122	0.000060
968.000000	2.237395	0.000227	1.745886	0.000060
969.000000	2.236647	0.000226	1.745651	0.000060
970.000000	2.235903	0.000224	1.745418	0.000059
971.000000	2.235165	0.000223	1.745186	0.000059
972.000000	2.234431	0.000221	1.744955	0.000058
973.000000	2.233702	0.000220	1.744726	0.000058
974.000000	2.232978	0.000218	1.744498	0.000057
975.000000	2.232259	0.000217	1.744271	0.000057
976.000000	2.231544	0.000215	1.744046	0.000057
977.000000	2.230833	0.000214	1.743822	0.000056
978.000000	2.230127	0.000212	1.743599	0.000056
979.000000	2.229426	0.000211	1.743378	0.000055
980.000000	2.228729	0.000210	1.743158	0.000055
981.000000	2.228036	0.000208	1.742939	0.000055
982.000000	2.227348	0.000207	1.742721	0.000054
983.000000	2.226664	0.000206	1.742505	0.000054
984.000000	2.225985	0.000204	1.742290	0.000053
985.000000	2.225309	0.000203	1.742076	0.000053
986.000000	2.224638	0.000202	1.741863	0.000053
987.000000	2.223971	0.000200	1.741651	0.000052
988.000000	2.223308	0.000199	1.741441	0.000052
989.000000	2.222649	0.000198	1.741232	0.000051
990.000000	2.221994	0.000196	1.741024	0.000051
991.000000	2.221344	0.000195	1.740817	0.000051
992.000000	2.220697	0.000194	1.740611	0.000050
993.000000	2.220054	0.000193	1.740406	0.000050
994.000000	2.219415	0.000192	1.740203	0.000050
995.000000	2.218780	0.000190	1.740000	0.000049
996.000000	2.218148	0.000189	1.739799	0.000049
997.000000	2.217521	0.000188	1.739599	0.000049
998.000000	2.216897	0.000187	1.739400	0.000048
999.000000	2.216277	0.000186	1.739202	0.000048
1000.000000	2.215660	0.000185	1.739005	0.000048
1001.000000	2.215048	0.000183	1.738809	0.000047
1002.000000	2.214439	0.000182	1.738614	0.000047
1003.000000	2.213833	0.000181	1.738420	0.000047
1004.000000	2.213231	0.000180	1.738227	0.000046
1005.000000	2.212633	0.000179	1.738036	0.000046
1006.000000	2.212038	0.000178	1.737845	0.000046
1007.000000	2.211446	0.000177	1.737655	0.000046
1008.000000	2.210858	0.000176	1.737466	0.000045
1009.000000	2.210274	0.000175	1.737278	0.000045
1010.000000	2.209692	0.000174	1.737091	0.000045
1011.000000	2.209114	0.000173	1.736906	0.000044
1012.000000	2.208540	0.000172	1.736721	0.000044
1013.000000	2.207968	0.000170	1.736537	0.000044
1014.000000	2.207401	0.000169	1.736354	0.000043
1015.000000	2.206836	0.000168	1.736172	0.000043
1016.000000	2.206274	0.000167	1.735990	0.000043
1017.000000	2.205716	0.000166	1.735810	0.000043
1018.000000	2.205160	0.000165	1.735631	0.000042
1019.000000	2.204608	0.000165	1.735452	0.000042
1020.000000	2.204059	0.000164	1.735275	0.000042
1021.000000	2.203513	0.000163	1.735098	0.000042
1022.000000	2.202971	0.000162	1.734923	0.000041
1023.000000	2.202430	0.000161	1.734748	0.000041
1024.000000	2.201894	0.000160	1.734574	0.000041
1025.000000	2.201360	0.000159	1.734401	0.000040
1026.000000	2.200829	0.000158	1.734228	0.000040
1027.000000	2.200301	0.000157	1.734057	0.000040
1028.000000	2.199776	0.000156	1.733886	0.000040
1029.000000	2.199254	0.000155	1.733717	0.000039
1030.000000	2.198734	0.000154	1.733548	0.000039
1031.000000	2.198218	0.000153	1.733380	0.000039
1032.000000	2.197704	0.000153	1.733212	0.000039
1033.000000	2.197193	0.000152	1.733046	0.000038
1034.000000	2.196685	0.000151	1.732880	0.000038
1035.000000	2.196179	0.000150	1.732715	0.000038
1036.000000	2.195677	0.000149	1.732551	0.000038
1037.000000	2.195177	0.000148	1.732388	0.000038
1038.000000	2.194679	0.000147	1.732225	0.000037
1039.000000	2.194185	0.000147	1.732064	0.000037
1040.000000	2.193693	0.000146	1.731903	0.000037
1041.000000	2.193203	0.000145	1.731743	0.000037
1042.000000	2.192716	0.000144	1.731583	0.000036
1043.000000	2.192232	0.000143	1.731424	0.000036
1044.000000	2.191751	0.000142	1.731266	0.000036
1045.000000	2.191271	0.000142	1.731109	0.000036
1046.000000	2.190795	0.000141	1.730953	0.000036
1047.000000	2.190320	0.000140	1.730797	0.000035
1048.000000	2.189849	0.000139	1.730642	0.000035
1049.000000	2.189380	0.000138	1.730487	0.000035
1050.000000	2.188913	0.000138	1.730334	0.000035
1051.000000	2.188449	0.000137	1.730181	0.000034
1052.000000	2.187987	0.000136	1.730029	0.000034
1053.000000	2.187527	0.000135	1.729877	0.000034
1054.000000	2.187070	0.000135	1.729726	0.000034
1055.000000	2.186615	0.000134	1.729576	0.000034
1056.000000	2.186162	0.000133	1.729427	0.000033
1057.000000	2.185712	0.000132	1.729278	0.000033
1058.000000	2.185264	0.000132	1.729130	0.000033
1059.000000	2.184819	0.000131	1.728982	0.000033
1060.000000	2.184376	0.000130	1.728836	0.000033
1061.000000	2.183934	0.000130	1.728690	0.000032
1062.000000	2.183496	0.000129	1.728544	0.000032
1063.000000	2.183059	0.000128	1.728399	0.000032
1064.000000	2.182624	0.000127	1.728255	0.000032
1065.000000	2.182192	0.000127	1.728112	0.000032
1066.000000	2.181762	0.000126	1.727969	0.000032
1067.000000	2.181334	0.000125	1.727826	0.000031
1068.000000	2.180908	0.000125	1.727685	0.000031
1069.000000	2.180484	0.000124	1.727544	0.000031
1070.000000	2.180063	0.000123	1.727403	0.000031
1071.000000	2.179643	0.000123	1.727263	0.000031
1072.000000	2.179225	0.000122	1.727124	0.000030
1073.000000	2.178810	0.000121	1.726985	0.000030
1074.000000	2.178397	0.000121	1.726847	0.000030
1075.000000	2.177985	0.000120	1.726710	0.000030
1076.000000	2.177576	0.000119	1.726573	0.000030
1077.000000	2.177169	0.000119	1.726437	0.000030
1078.000000	2.176763	0.000118	1.726301	0.000029
1079.000000	2.176360	0.000118	1.726166	0.000029
1080.000000	2.175958	0.000117	1.726032	0.000029
1081.000000	2.175559	0.000116	1.725898	0.000029
1082.000000	2.175161	0.000116	1.725764	0.000029
1083.000000	2.174766	0.000115	1.725631	0.000029
1084.000000	2.174372	0.000115	1.725499	0.000028
1085.000000	2.173980	0.000114	1.725367	0.000028
1086.000000	2.173590	0.000113	1.725236	0.000028
1087.000000	2.173202	0.000113	1.725106	0.000028
1088.000000	2.172816	0.000112	1.724975	0.000028
1089.000000	2.172431	0.000112	1.724846	0.000028
1090.000000	2.172049	0.000111	1.724717	0.000028
1091.000000	2.171668	0.000110	1.724588	0.000027
1092.000000	2.171289	0.000110	1.724460	0.000027
1093.000000	2.170912	0.000109	1.724333	0.000027
1094.000000	2.170536	0.000109	1.724206	0.000027
1095.000000	2.170162	0.000108	1.724080	0.000027
1096.000000	2.169791	0.000108	1.723954	0.000027
1097.000000	2.169420	0.000107	1.723828	0.000026
1098.000000	2.169052	0.000106	1.723703	0.000026
1099.000000	2.168685	0.000106	1.723579	0.000026
1100.000000	2.168320	0.000105	1.723455	0.000026
1101.000000	2.167957	0.000105	1.723332	0.000026
1102.000000	2.167595	0.000104	1.723209	0.000026
1103.000000	2.167235	0.000104	1.723087	0.000026
1104.000000	2.166877	0.000103	1.722965	0.000025
1105.000000	2.166520	0.000103	1.722843	0.000025
1106.000000	2.166165	0.000102	1.722722	0.000025
1107.000000	2.165811	0.000102	1.722602	0.000025
1108.000000	2.165459	0.000101	1.722482	0.000025
1109.000000	2.165109	0.000101	1.722362	0.000025
1110.000000	2.164761	0.000100	1.722243	0.000025
1111.000000	2.164413	0.000100	1.722125	0.000025
1112.000000	2.164068	0.000099	1.722007	0.000024
1113.000000	2.163724	0.000099	1.721889	0.000024
1114.000000	2.163382	0.000098	1.721772	0.000024
1115.000000	2.163041	0.000098	1.721655	0.000024
1116.000000	2.162702	0.000097	1.721539	0.000024
1117.000000	2.162364	0.000097	1.721423	0.000024
1118.000000	2.162028	0.000096	1.721307	0.000024
1119.000000	2.161693	0.000096	1.721192	0.000024
1120.000000	2.161360	0.000095	1.721078	0.000023
1121.000000	2.161028	0.000095	1.720964	0.000023
1122.000000	2.160697	0.000094	1.720850	0.000023
1123.000000	2.160369	0.000094	1.720737	0.000023
1124.000000	2.160041	0.000093	1.720624	0.000023
1125.000000	2.159715	0.000093	1.720512	0.000023
1126.000000	2.159391	0.000092	1.720400	0.000023
1127.000000	2.159068	0.000092	1.720288	0.000023
1128.000000	2.158746	0.000091	1.720177	0.000022
1129.000000	2.158426	0.000091	1.720066	0.000022
1130.000000	2.158107	0.000091	1.719956	0.000022
1131.000000	2.157789	0.000090	1.719846	0.000022
1132.000000	2.157474	0.000090	1.719737	0.000022
1133.000000	2.157159	0.000089	1.719628	0.000022
1134.000000	2.156845	0.000089	1.719519	0.000022
1135.000000	2.156533	0.000088	1.719411	0.000022
1136.000000	2.156223	0.000088	1.719303	0.000022
1137.000000	2.155914	0.000087	1.719195	0.000021
1138.000000	2.155606	0.000087	1.719088	0.000021
1139.000000	2.155299	0.000087	1.718982	0.000021
1140.000000	2.154994	0.000086	1.718875	0.000021
1141.000000	2.154690	0.000086	1.718769	0.000021
1142.000000	2.154387	0.000085	1.718664	0.000021
1143.000000	2.154086	0.000085	1.718559	0.000021
1144.000000	2.153785	0.000085	1.718454	0.000021
1145.000000	2.153487	0.000084	1.718349	0.000021
1146.000000	2.153189	0.000084	1.718245	0.000020
1147.000000	2.152893	0.000083	1.718142	0.000020
1148.000000	2.152598	0.000083	1.718038	0.000020
1149.000000	2.152304	0.000083	1.717936	0.000020
1150.000000	2.152011	0.000082	1.717833	0.000020
1151.000000	2.151720	0.000082	1.717731	0.000020
1152.000000	2.151430	0.000081	1.717629	0.000020
1153.000000	2.151141	0.000081	1.717527	0.000020
1154.000000	2.150853	0.000081	1.717426	0.000020
1155.000000	2.150567	0.000080	1.717326	0.000020
1156.000000	2.150281	0.000080	1.717225	0.000019
1157.000000	2.149997	0.000079	1.717125	0.000019
1158.000000	2.149714	0.000079	1.717025	0.000019
1159.000000	2.149433	0.000079	1.716926	0.000019
1160.000000	2.149152	0.000078	1.716827	0.000019
1161.000000	2.148873	0.000078	1.716728	0.000019
1162.000000	2.148594	0.000078	1.716630	0.000019
1163.000000	2.148317	0.000077	1.716532	0.000019
1164.000000	2.148041	0.000077	1.716434	0.000019
1165.000000	2.147766	0.000076	1.716337	0.000019
1166.000000	2.147493	0.000076	1.716240	0.000019
1167.000000	2.147220	0.000076	1.716143	0.000018
1168.000000	2.146949	0.000075	1.716047	0.000018
1169.000000	2.146678	0.000075	1.715951	0.000018
1170.000000	2.146409	0.000075	1.715855	0.000018
1171.000000	2.146141	0.000074	1.715760	0.000018
1172.000000	2.145874	0.000074	1.715665	0.000018
1173.000000	2.145608	0.000074	1.715570	0.000018
1174.000000	2.145343	0.000073	1.715476	0.000018
1175.000000	2.145079	0.000073	1.715382	0.000018
1176.000000	2.144816	0.000073	1.715288	0.000018
1177.000000	2.144554	0.000072	1.715194	0.000018
1178.000000	2.144294	0.000072	1.715101	0.000018
1179.000000	2.144034	0.000072	1.715008	0.000017
1180.000000	2.143775	0.000071	1.714916	0.000017
1181.000000	2.143518	0.000071	1.714823	0.000017
1182.000000	2.143261	0.000071	1.714731	0.000017
1183.000000	2.143006	0.000070	1.714640	0.000017
1184.000000	2.142751	0.000070	1.714548	0.000017
1185.000000	2.142498	0.000070	1.714457	0.000017
1186.000000	2.142245	0.000069	1.714367	0.000017
1187.000000	2.141994	0.000069	1.714276	0.000017
1188.000000	2.141743	0.000069	1.714186	0.000017
1189.000000	2.141494	0.000068	1.714096	0.000017
1190.000000	2.141245	0.000068	1.714007	0.000017
1191.000000	2.140997	0.000068	1.713917	0.000016
1192.000000	2.140751	0.000068	1.713828	0.000016
1193.000000	2.140505	0.000067	1.713740	0.000016
1194.000000	2.140261	0.000067	1.713651	0.000016
1195.000000	2.140017	0.000067	1.713563	0.000016
1196.000000	2.139774	0.000066	1.713475	0.000016
1197.000000	2.139532	0.000066	1.713387	0.000016
1198.000000	2.139292	0.000066	1.713300	0.000016
1199.000000	2.139052	0.000065	1.713213	0.000016
1200.000000	2.138813	0.000065	1.713126	0.000016
1201.000000	2.138575	0.000065	1.713040	0.000016
1202.000000	2.138337	0.000065	1.712954	0.000016
1203.000000	2.138101	0.000064	1.712868	0.000016
1204.000000	2.137866	0.000064	1.712782	0.000016
1205.000000	2.137631	0.000064	1.712697	0.000015
1206.000000	2.137398	0.000063	1.712611	0.000015
1207.000000	2.137165	0.000063	1.712527	0.000015
1208.000000	2.136934	0.000063	1.712442	0.000015
1209.000000	2.136703	0.000063	1.712358	0.000015
1210.000000	2.136473	0.000062	1.712273	0.000015
1211.000000	2.136244	0.000062	1.712190	0.000015
1212.000000	2.136015	0.000062	1.712106	0.000015
1213.000000	2.135788	0.000061	1.712023	0.000015
1214.000000	2.135561	0.000061	1.711940	0.000015
1215.000000	2.135336	0.000061	1.711857	0.000015
1216.000000	2.135111	0.000061	1.711774	0.000015
1217.000000	2.134887	0.000060	1.711692	0.000015
1218.000000	2.134664	0.000060	1.711610	0.000015
1219.000000	2.134442	0.000060	1.711528	0.000014
1220.000000	2.134220	0.000060	1.711446	0.000014
1221.000000	2.134000	0.000059	1.711365	0.000014
1222.000000	2.133780	0.000059	1.711284	0.000014
1223.000000	2.133561	0.000059	1.711203	0.000014
1224.000000	2.133343	0.000059	1.711122	0.000014
1225.000000	2.133126	0.000058	1.711042	0.000014
1226.000000	2.132909	0.000058	1.710962	0.000014
1227.000000	2.132694	0.000058	1.710882	0.000014
1228.000000	2.132479	0.000058	1.710802	0.000014
1229.000000	2.132265	0.000057	1.710723	0.000014
1230.000000	2.132051	0.000057	1.710644	0.000014
1231.000000	2.131839	0.000057	1.710565	0.000014
1232.000000	2.131627	0.000057	1.710486	0.000014
1233.000000	2.131416	0.000056	1.710407	0.000014
1234.000000	2.131206	0.000056	1.710329	0.000014
1235.000000	2.130997	0.000056	1.710251	0.000014
1236.000000	2.130788	0.000056	1.710173	0.000013
1237.000000	2.130580	0.000055	1.710096	0.000013
1238.000000	2.130373	0.000055	1.710019	0.000013
1239.000000	2.130167	0.000055	1.709941	0.000013
1240.000000	2.129961	0.000055	1.709864	0.000013
1241.000000	2.129756	0.000054	1.709788	0.000013
1242.000000	2.129552	0.000054	1.709711	0.000013
1243.000000	2.129349	0.000054	1.709635	0.000013
1244.000000	2.129147	0.000054	1.709559	0.000013
1245.000000	2.128945	0.000054	1.709483	0.000013
1246.000000	2.128744	0.000053	1.709407	0.000013
1247.000000	2.128543	0.000053	1.709332	0.000013
1248.000000	2.128343	0.000053	1.709257	0.000013
1249.000000	2.128145	0.000053	1.709182	0.000013
1250.000000	2.127946	0.000052	1.709107	0.000013
1251.000000	2.127749	0.000052	1.709033	0.000013
1252.000000	2.127552	0.000052	1.708958	0.000013
1253.000000	2.127356	0.000052	1.708884	0.000012
1254.000000	2.127160	0.000052	1.708810	0.000012
1255.000000	2.126966	0.000051	1.708737	0.000012
1256.000000	2.126772	0.000051	1.708663	0.000012
1257.000000	2.126578	0.000051	1.708590	0.000012
1258.000000	2.126386	0.000051	1.708517	0.000012
1259.000000	2.126194	0.000050	1.708444	0.000012
1260.000000	2.126003	0.000050	1.708371	0.000012
1261.000000	2.125812	0.000050	1.708298	0.000012
1262.000000	2.125622	0.000050	1.708226	0.000012
1263.000000	2.125433	0.000050	1.708154	0.000012
1264.000000	2.125244	0.000049	1.708082	0.000012
1265.000000	2.125057	0.000049	1.708010	0.000012
1266.000000	2.124869	0.000049	1.707939	0.000012
1267.000000	2.124683	0.000049	1.707868	0.000012
1268.000000	2.124497	0.000049	1.707796	0.000012
1269.000000	2.124311	0.000048	1.707725	0.000012
1270.000000	2.124127	0.000048	1.707655	0.000012
1271.000000	2.123943	0.000048	1.707584	0.000012
1272.000000	2.123760	0.000048	1.707514	0.000012
1273.000000	2.123577	0.000048	1.707444	0.000011
1274.000000	2.123395	0.000047	1.707373	0.000011
1275.000000	2.123213	0.000047	1.707304	0.000011
1276.000000	2.123033	0.000047	1.707234	0.000011
1277.000000	2.122852	0.000047	1.707165	0.000011
1278.000000	2.122673	0.000047	1.707095	0.000011
1279.000000	2.122494	0.000047	1.707026	0.000011
1280.000000	2.122316	0.000046	1.706957	0.000011
1281.000000	2.122138	0.000046	1.706889	0.000011
1282.000000	2.121961	0.000046	1.706820	0.000011
1283.000000	2.121784	0.000046	1.706752	0.000011
1284.000000	2.121609	0.000046	1.706684	0.000011
1285.000000	2.121433	0.000045	1.706616	0.000011
1286.000000	2.121259	0.000045	1.706548	0.000011
1287.000000	2.121085	0.000045	1.706480	0.000011
1288.000000	2.120911	0.000045	1.706413	0.000011
1289.000000	2.120739	0.000045	1.706345	0.000011
1290.000000	2.120566	0.000045	1.706278	0.000011
1291.000000	2.120395	0.000044	1.706211	0.000011
1292.000000	2.120224	0.000044	1.706145	0.000011
1293.000000	2.120053	0.000044	1.706078	0.000011
1294.000000	2.119883	0.000044	1.706012	0.000011
1295.000000	2.119714	0.000044	1.705945	0.000011
1296.000000	2.119545	0.000043	1.705879	0.000010
1297.000000	2.119377	0.000043	1.705813	0.000010
1298.000000	2.119209	0.000043	1.705747	0.000010
1299.000000	2.119042	0.000043	1.705682	0.000010
1300.000000	2.118876	0.000043	1.705616	0.000010
1301.000000	2.118710	0.000043	1.705551	0.000010
1302.000000	2.118545	0.000042	1.705486	0.000010
1303.000000	2.118380	0.000042	1.705421	0.000010
1304.000000	2.118215	0.000042	1.705356	0.000010
1305.000000	2.118052	0.000042	1.705292	0.000010
1306.000000	2.117889	0.000042	1.705227	0.000010
1307.000000	2.117726	0.000042	1.705163	0.000010
1308.000000	2.117564	0.000041	1.705099	0.000010
1309.000000	2.117402	0.000041	1.705035	0.000010
1310.000000	2.117241	0.000041	1.704971	0.000010
1311.000000	2.117081	0.000041	1.704907	0.000010
1312.000000	2.116921	0.000041	1.704844	0.000010
1313.000000	2.116762	0.000041	1.704780	0.000010
1314.000000	2.116603	0.000041	1.704717	0.000010
1315.000000	2.116445	0.000040	1.704654	0.000010
1316.000000	2.116287	0.000040	1.704591	0.000010
1317.000000	2.116129	0.000040	1.704529	0.000010
1318.000000	2.115973	0.000040	1.704466	0.000010
1319.000000	2.115817	0.000040	1.704404	0.000010
1320.000000	2.115661	0.000040	1.704341	0.000010
1321.000000	2.115506	0.000039	1.704279	0.000009
1322.000000	2.115351	0.000039	1.704217	0.000009
1323.000000	2.115197	0.000039	1.704155	0.000009
1324.000000	2.115043	0.000039	1.704094	0.000009
1325.000000	2.114890	0.000039	1.704032	0.000009
1326.000000	2.114737	0.000039	1.703971	0.000009
1327.000000	2.114585	0.000039	1.703910	0.000009
1328.000000	2.114433	0.000038	1.703848	0.000009
1329.000000	2.114282	0.000038	1.703787	0.000009
1330.000000	2.114131	0.000038	1.703727	0.000009
1331.000000	2.113981	0.000038	1.703666	0.000009
1332.000000	2.113832	0.000038	1.703605	0.000009
1333.000000	2.113682	0.000038	1.703545	0.000009
1334.000000	2.113534	0.000038	1.703485	0.000009
1335.000000	2.113385	0.000037	1.703425	0.000009
1336.000000	2.113238	0.000037	1.703365	0.000009
1337.000000	2.113090	0.000037	1.703305	0.000009
1338.000000	2.112944	0.000037	1.703245	0.000009
1339.000000	2.112797	0.000037	1.703186	0.000009
1340.000000	2.112651	0.000037	1.703126	0.000009
1341.000000	2.112506	0.000037	1.703067	0.000009
1342.000000	2.112361	0.000036	1.703008	0.000009
1343.000000	2.112216	0.000036	1.702949	0.000009
1344.000000	2.112072	0.000036	1.702890	0.000009
1345.000000	2.111929	0.000036	1.702831	0.000009
1346.000000	2.111786	0.000036	1.702773	0.000009
1347.000000	2.111643	0.000036	1.702714	0.000009
1348.000000	2.111501	0.000036	1.702656	0.000009
1349.000000	2.111359	0.000035	1.702598	0.000009
1350.000000	2.111218	0.000035	1.702540	0.000008
1351.000000	2.111077	0.000035	1.702482	0.000008
1352.000000	2.110937	0.000035	1.702424	0.000008
1353.000000	2.110797	0.000035	1.702366	0.000008
1354.000000	2.110658	0.000035	1.702309	0.000008
1355.000000	2.110519	0.000035	1.702251	0.000008
1356.000000	2.110380	0.000035	1.702194	0.000008
1357.000000	2.110242	0.000034	1.702137	0.000008
1358.000000	2.110104	0.000034	1.702080	0.000008
1359.000000	2.109967	0.000034	1.702023	0.000008
1360.000000	2.109830	0.000034	1.701966	0.000008
1361.000000	2.109694	0.000034	1.701909	0.000008
1362.000000	2.109558	0.000034	1.701853	0.000008
1363.000000	2.109422	0.000034	1.701796	0.000008
1364.000000	2.109287	0.000034	1.701740	0.000008
1365.000000	2.109152	0.000033	1.701684	0.000008
1366.000000	2.109018	0.000033	1.701628	0.000008
1367.000000	2.108884	0.000033	1.701572	0.000008
1368.000000	2.108751	0.000033	1.701516	0.000008
1369.000000	2.108618	0.000033	1.701461	0.000008
1370.000000	2.108485	0.000033	1.701405	0.000008
1371.000000	2.108353	0.000033	1.701350	0.000008
1372.000000	2.108221	0.000033	1.701294	0.000008
1373.000000	2.108090	0.000033	1.701239	0.000008
1374.000000	2.107959	0.000032	1.701184	0.000008
1375.000000	2.107828	0.000032	1.701129	0.000008
1376.000000	2.107698	0.000032	1.701074	0.000008
1377.000000	2.107569	0.000032	1.701019	0.000008
1378.000000	2.107439	0.000032	1.700965	0.000008
1379.000000	2.107310	0.000032	1.700910	0.000008
1380.000000	2.107182	0.000032	1.700856	0.000008
1381.000000	2.107054	0.000032	1.700802	0.000008
1382.000000	2.106926	0.000032	1.700748	0.000008
1383.000000	2.106799	0.000031	1.700694	0.000008
1384.000000	2.106672	0.000031	1.700640	0.000007
1385.000000	2.106545	0.000031	1.700586	0.000007
1386.000000	2.106419	0.000031	1.700532	0.000007
1387.000000	2.106293	0.000031	1.700479	0.000007
1388.000000	2.106168	0.000031	1.700425	0.000007
1389.000000	2.106043	0.000031	1.700372	0.000007
1390.000000	2.105918	0.000031	1.700318	0.000007
1391.000000	2.105794	0.000031	1.700265	0.000007
1392.000000	2.105670	0.000030	1.700212	0.000007
1393.000000	2.105546	0.000030	1.700159	0.000007
1394.000000	2.105423	0.000030	1.700107	0.000007
1395.000000	2.105301	0.000030	1.700054	0.000007
1396.000000	2.105178	0.000030	1.700001	0.000007
1397.000000	2.105056	0.000030	1.699949	0.000007
1398.000000	2.104935	0.000030	1.699896	0.000007
1399.000000	2.104814	0.000030	1.699844	0.000007
1400.000000	2.104693	0.000030	1.699792	0.000007
1401.000000	2.104572	0.000029	1.699740	0.000007
1402.000000	2.104452	0.000029	1.699688	0.000007
1403.000000	2.104332	0.000029	1.699636	0.000007
1404.000000	2.104213	0.000029	1.699584	0.000007
1405.000000	2.104094	0.000029	1.699533	0.000007
1406.000000	2.103975	0.000029	1.699481	0.000007
1407.000000	2.103857	0.000029	1.699430	0.000007
1408.000000	2.103739	0.000029	1.699378	0.000007
1409.000000	2.103621	0.000029	1.699327	0.000007
1410.000000	2.103504	0.000029	1.699276	0.000007
1411.000000	2.103387	0.000028	1.699225	0.000007
1412.000000	2.103270	0.000028	1.699174	0.000007
1413.000000	2.103154	0.000028	1.699123	0.000007
1414.000000	2.103038	0.000028	1.699073	0.000007
1415.000000	2.102923	0.000028	1.699022	0.000007
1416.000000	2.102808	0.000028	1.698971	0.000007
1417.000000	2.102693	0.000028	1.698921	0.000007
1418.000000	2.102578	0.000028	1.698871	0.000007
1419.000000	2.102464	0.000028	1.698820	0.000007
1420.000000	2.102350	0.000028	1.698770	0.000007
1421.000000	2.102237	0.000028	1.698720	0.000007
1422.000000	2.102124	0.000027	1.698670	0.000007
1423.000000	2.102011	0.000027	1.698620	0.000007
1424.000000	2.101898	0.000027	1.698571	0.000007
1425.000000	2.101786	0.000027	1.698521	0.000007
1426.000000	2.101675	0.000027	1.698472	0.000006
1427.000000	2.101563	0.000027	1.698422	0.000006
1428.000000	2.101452	0.000027	1.698373	0.000006
1429.000000	2.101341	0.000027	1.698323	0.000006
1430.000000	2.101231	0.000027	1.698274	0.000006
1431.000000	2.101120	0.000027	1.698225	0.000006
1432.000000	2.101011	0.000027	1.698176	0.000006
1433.000000	2.100901	0.000026	1.698127	0.000006
1434.000000	2.100792	0.000026	1.698078	0.000006
1435.000000	2.100683	0.000026	1.698030	0.000006
1436.000000	2.100575	0.000026	1.697981	0.000006
1437.000000	2.100466	0.000026	1.697933	0.000006
1438.000000	2.100359	0.000026	1.697884	0.000006
1439.000000	2.100251	0.000026	1.697836	0.000006
1440.000000	2.100144	0.000026	1.697788	0.000006
1441.000000	2.100037	0.000026	1.697739	0.000006
1442.000000	2.099930	0.000026	1.697691	0.000006
1443.000000	2.099824	0.000026	1.697643	0.000006
1444.000000	2.099718	0.000025	1.697595	0.000006
1445.000000	2.099612	0.000025	1.697547	0.000006
1446.000000	2.099507	0.000025	1.697500	0.000006
1447.000000	2.099402	0.000025	1.697452	0.000006
1448.000000	2.099297	0.000025	1.697405	0.000006
1449.000000	2.099192	0.000025	1.697357	0.000006
1450.000000	2.099088	0.000025	1.697310	0.000006
1451.000000	2.098984	0.000025	1.697262	0.000006
1452.000000	2.098881	0.000025	1.697215	0.000006
1453.000000	2.098778	0.000025	1.697168	0.000006
1454.000000	2.098675	0.000025	1.697121	0.000006
1455.000000	2.098572	0.000025	1.697074	0.000006
1456.000000	2.098469	0.000025	1.697027	0.000006
1457.000000	2.098367	0.000024	1.696980	0.000006
1458.000000	2.098266	0.000024	1.696934	0.000006
1459.000000	2.098164	0.000024	1.696887	0.000006
1460.000000	2.098063	0.000024	1.696841	0.000006
1461.000000	2.097962	0.000024	1.696794	0.000006
1462.000000	2.097862	0.000024	1.696748	0.000006
1463.000000	2.097761	0.000024	1.696701	0.000006
1464.000000	2.097661	0.000024	1.696655	0.000006
1465.000000	2.097561	0.000024	1.696609	0.000006
1466.000000	2.097462	0.000024	1.696563	0.000006
1467.000000	2.097363	0.000024	1.696517	0.000006
1468.000000	2.097264	0.000024	1.696471	0.000006
1469.000000	2.097165	0.000024	1.696425	0.000006
1470.000000	2.097067	0.000023	1.696380	0.000006
1471.000000	2.096969	0.000023	1.696334	0.000006
1472.000000	2.096871	0.000023	1.696288	0.000006
1473.000000	2.096774	0.000023	1.696243	0.000006
1474.000000	2.096676	0.000023	1.696198	0.000006
1475.000000	2.096580	0.000023	1.696152	0.000006
1476.000000	2.096483	0.000023	1.696107	0.000005
1477.000000	2.096386	0.000023	1.696062	0.000005
1478.000000	2.096290	0.000023	1.696017	0.000005
1479.000000	2.096195	0.000023	1.695972	0.000005
1480.000000	2.096099	0.000023	1.695927	0.000005
1481.000000	2.096004	0.000023	1.695882	0.000005
1482.000000	2.095909	0.000023	1.695837	0.000005
1483.000000	2.095814	0.000022	1.695792	0.000005
1484.000000	2.095720	0.000022	1.695748	0.000005
1485.000000	2.095625	0.000022	1.695703	0.000005
1486.000000	2.095531	0.000022	1.695659	0.000005
1487.000000	2.095438	0.000022	1.695614	0.000005
1488.000000	2.095344	0.000022	1.695570	0.000005
1489.000000	2.095251	0.000022	1.695526	0.000005
1490.000000	2.095158	0.000022	1.695481	0.000005
1491.000000	2.095066	0.000022	1.695437	0.000005
1492.000000	2.094973	0.000022	1.695393	0.000005
1493.000000	2.094881	0.000022	1.695349	0.000005
1494.000000	2.094789	0.000022	1.695305	0.000005
1495.000000	2.094698	0.000022	1.695261	0.000005
1496.000000	2.094606	0.000022	1.695218	0.000005
1497.000000	2.094515	0.000022	1.695174	0.000005
1498.000000	2.094424	0.000021	1.695130	0.000005
1499.000000	2.094334	0.000021	1.695087	0.000005
1500.000000	2.094244	0.000021	1.695043	0.000005